user_id,signup_date,country,plan,is_active
U00001,2023-10-23,Chile,Free,True
U00002,2023-10-13,Brazil,Basic,True
U00003,2024-09-05,Chile,Free,True
U00004,2023-07-28,Argentina,Basic,True
U00005,2024-09-02,Colombia,Free,False
U00006,2023-07-07,Chile,Basic,True
U00007,2024-04-10,Spain,Free,True
U00008,2023-10-03,Mexico,Free,True
U00009,2024-03-27,Argentina,Basic,True
U00010,2024-07-22,Chile,Free,False
U00011,2024-07-05,Argentina,Basic,True
U00012,2024-02-19,USA,Basic,False
U00013,2023-10-12,Mexico,Free,False
U00014,2023-12-14,Chile,Free,True
U00015,2023-09-12,Chile,Basic,False
U00016,2023-12-15,Chile,Free,False
U00017,2024-02-10,Peru,Basic,False
U00018,2024-02-20,Peru,Basic,True
U00019,2023-09-06,Spain,Free,False
U00020,2024-05-18,Mexico,Free,False
U00021,2024-10-12,Chile,Free,False
U00022,2024-03-26,Mexico,Basic,True
U00023,2024-07-05,USA,Free,True
U00024,2023-10-02,Brazil,Basic,True
U00025,2023-12-11,Mexico,Basic,True
U00026,2024-07-25,Mexico,Basic,True
U00027,2023-07-12,Chile,Basic,False
U00028,2024-03-30,Mexico,Basic,True
U00029,2023-12-09,Spain,Free,False
U00030,2024-03-26,Argentina,Pro,True
U00031,2023-10-17,Chile,Pro,True
U00032,2024-01-20,Argentina,Free,False
U00033,2023-07-01,Mexico,Basic,True
U00034,2024-07-06,Peru,Pro,True
U00035,2023-08-29,Colombia,Free,True
U00036,2024-11-09,USA,Basic,True
U00037,2023-11-06,Mexico,Free,False
U00038,2024-03-28,Colombia,Free,False
U00039,2024-01-22,Mexico,Basic,True
U00040,2024-07-17,Colombia,Free,True
U00041,2024-02-16,Chile,Free,False
U00042,2024-02-11,Argentina,Free,True
U00043,2023-09-08,Brazil,Pro,True
U00044,2024-02-29,Mexico,Free,False
U00045,2024-10-27,Mexico,Free,True
U00046,2023-10-05,Mexico,Free,True
U00047,2024-10-21,Chile,Pro,True
U00048,2023-10-09,Argentina,Free,False
U00049,2023-10-20,Chile,Free,True
U00050,2024-09-05,Mexico,Free,False
U00051,2023-09-16,Brazil,Free,False
U00052,2023-08-21,Colombia,Basic,True
U00053,2023-10-04,Peru,Pro,True
U00054,2024-11-09,Brazil,Free,False
U00055,2023-12-16,USA,Free,True
U00056,2024-10-08,Argentina,Free,False
U00057,2024-11-10,Chile,Free,False
U00058,2023-09-01,Chile,Basic,True
U00059,2024-11-26,Colombia,Pro,True
U00060,2023-09-21,Chile,Pro,True
U00061,2024-02-26,Spain,Free,False
U00062,2023-08-10,Mexico,Basic,True
U00063,2024-05-19,Chile,Pro,True
U00064,2024-03-01,Chile,Free,False
U00065,2024-10-11,Argentina,Free,True
U00066,2024-10-12,Colombia,Basic,True
U00067,2024-02-04,Chile,Free,True
U00068,2023-09-09,Mexico,Pro,True
U00069,2024-05-05,USA,Basic,True
U00070,2023-07-09,Colombia,Basic,False
U00071,2023-10-15,Chile,Pro,True
U00072,2023-10-18,Chile,Basic,True
U00073,2024-02-01,Chile,Basic,True
U00074,2024-03-27,Chile,Free,False
U00075,2023-08-22,Mexico,Free,True
U00076,2023-07-04,Chile,Free,False
U00077,2023-12-13,Colombia,Basic,True
U00078,2023-07-10,Spain,Free,False
U00079,2023-11-30,Peru,Free,False
U00080,2023-11-29,Chile,Free,True
U00081,2023-08-10,Chile,Pro,True
U00082,2023-10-14,Colombia,Free,False
U00083,2023-12-06,Chile,Pro,True
U00084,2023-12-29,Chile,Pro,True
U00085,2024-06-05,Mexico,Basic,True
U00086,2024-03-11,Peru,Free,True
U00087,2023-08-09,Chile,Pro,True
U00088,2024-10-14,Peru,Free,False
U00089,2024-02-14,Chile,Free,True
U00090,2023-09-10,Chile,Pro,True
U00091,2024-08-13,Peru,Basic,True
U00092,2023-07-29,USA,Free,True
U00093,2024-03-28,Colombia,Free,True
U00094,2024-05-17,USA,Free,True
U00095,2024-01-11,Argentina,Free,True
U00096,2024-01-18,Chile,Free,False
U00097,2024-06-03,Argentina,Basic,True
U00098,2024-05-03,Argentina,Free,True
U00099,2024-04-28,Chile,Basic,True
U00100,2024-07-23,Brazil,Basic,True
U00101,2024-05-04,Peru,Free,True
U00102,2024-02-01,Colombia,Free,False
U00103,2024-10-19,Argentina,Free,True
U00104,2023-12-21,Chile,Basic,True
U00105,2024-06-08,Spain,Free,True
U00106,2024-05-13,Chile,Free,True
U00107,2024-03-07,Colombia,Pro,True
U00108,2024-10-09,Colombia,Free,True
U00109,2024-07-28,Chile,Free,False
U00110,2023-07-06,Brazil,Pro,False
U00111,2024-09-08,Peru,Free,False
U00112,2024-10-18,Chile,Free,False
U00113,2024-10-10,Mexico,Free,False
U00114,2024-05-20,Brazil,Pro,True
U00115,2024-11-28,Brazil,Free,True
U00116,2023-12-10,Mexico,Basic,True
U00117,2024-03-10,Chile,Basic,False
U00118,2024-11-08,Chile,Basic,True
U00119,2024-04-18,Mexico,Free,False
U00120,2023-09-21,Chile,Free,False
U00121,2024-02-05,Mexico,Free,False
U00122,2024-08-29,Peru,Free,True
U00123,2023-07-21,Argentina,Pro,True
U00124,2023-07-07,Chile,Pro,True
U00125,2024-09-02,Argentina,Free,False
U00126,2024-02-11,Chile,Free,True
U00127,2024-08-02,Argentina,Free,True
U00128,2023-12-17,Brazil,Basic,False
U00129,2023-07-28,Colombia,Pro,True
U00130,2023-09-24,Chile,Basic,True
U00131,2023-08-21,Mexico,Free,True
U00132,2024-06-10,Mexico,Basic,False
U00133,2024-09-04,Chile,Free,True
U00134,2023-08-23,Mexico,Pro,True
U00135,2023-08-11,Spain,Basic,True
U00136,2023-07-21,Chile,Basic,True
U00137,2023-10-26,Chile,Basic,True
U00138,2024-07-12,Colombia,Free,False
U00139,2023-10-26,Chile,Basic,True
U00140,2023-07-27,Colombia,Pro,False
U00141,2024-07-19,Argentina,Free,True
U00142,2024-03-05,Peru,Free,False
U00143,2023-11-01,Colombia,Basic,True
U00144,2024-09-11,Chile,Basic,True
U00145,2023-07-13,Peru,Basic,True
U00146,2024-07-05,Peru,Basic,True
U00147,2024-09-18,Colombia,Free,False
U00148,2024-11-07,Peru,Free,False
U00149,2024-05-26,Peru,Pro,True
U00150,2024-10-04,Mexico,Free,False
U00151,2024-07-23,Mexico,Free,True
U00152,2024-11-11,Peru,Free,True
U00153,2024-04-08,Colombia,Basic,True
U00154,2024-03-04,Mexico,Basic,False
U00155,2024-10-30,Mexico,Basic,False
U00156,2023-10-04,Mexico,Free,True
U00157,2024-07-12,Colombia,Free,True
U00158,2024-06-03,Mexico,Free,True
U00159,2024-02-22,Chile,Free,True
U00160,2024-01-06,Argentina,Free,True
U00161,2024-04-15,Peru,Pro,True
U00162,2024-07-04,Chile,Free,False
U00163,2024-04-06,Chile,Free,True
U00164,2023-11-07,Argentina,Basic,True
U00165,2023-07-13,Mexico,Basic,True
U00166,2024-01-05,Chile,Pro,True
U00167,2023-10-25,Mexico,Basic,True
U00168,2023-08-24,Peru,Free,False
U00169,2023-09-26,Chile,Pro,True
U00170,2024-02-17,Mexico,Basic,False
U00171,2024-04-30,USA,Pro,True
U00172,2023-08-31,Argentina,Basic,False
U00173,2024-01-29,Chile,Basic,True
U00174,2024-03-02,Chile,Free,True
U00175,2024-10-04,Mexico,Basic,True
U00176,2024-04-21,Argentina,Basic,True
U00177,2024-02-25,Peru,Pro,True
U00178,2024-01-19,Colombia,Free,False
U00179,2024-03-29,Chile,Basic,True
U00180,2024-05-10,Peru,Basic,False
U00181,2024-09-22,Argentina,Free,False
U00182,2024-04-04,Mexico,Free,True
U00183,2023-08-10,Argentina,Pro,True
U00184,2023-07-27,Spain,Free,False
U00185,2023-07-22,Argentina,Pro,True
U00186,2023-08-11,Chile,Basic,True
U00187,2024-09-25,Chile,Pro,True
U00188,2024-11-15,Mexico,Pro,True
U00189,2024-05-24,Brazil,Basic,True
U00190,2024-11-19,Spain,Free,False
U00191,2023-08-07,Mexico,Free,True
U00192,2024-08-17,Peru,Pro,True
U00193,2024-10-16,Chile,Free,True
U00194,2024-11-22,Argentina,Basic,True
U00195,2023-11-12,Mexico,Pro,True
U00196,2023-11-02,Colombia,Free,False
U00197,2023-12-10,Chile,Free,True
U00198,2024-02-16,Brazil,Pro,True
U00199,2023-10-29,Chile,Basic,False
U00200,2024-04-24,Chile,Free,False
U00201,2024-10-26,Colombia,Free,True
U00202,2023-11-17,Chile,Pro,True
U00203,2024-08-28,Peru,Free,True
U00204,2023-07-03,Chile,Free,False
U00205,2024-11-13,Mexico,Pro,True
U00206,2024-06-05,Colombia,Basic,True
U00207,2024-05-25,USA,Pro,True
U00208,2024-07-27,Peru,Free,True
U00209,2024-10-27,Peru,Basic,True
U00210,2023-12-03,Chile,Free,True
U00211,2024-06-04,Brazil,Pro,True
U00212,2024-10-10,Chile,Free,False
U00213,2023-12-06,Peru,Free,True
U00214,2024-08-11,Brazil,Basic,False
U00215,2024-07-24,Colombia,Pro,False
U00216,2024-11-11,Chile,Pro,True
U00217,2024-04-20,Argentina,Pro,True
U00218,2023-10-09,Argentina,Basic,True
U00219,2023-12-18,Brazil,Basic,True
U00220,2023-08-27,Mexico,Free,True
U00221,2024-08-25,Peru,Basic,True
U00222,2023-09-19,Mexico,Basic,True
U00223,2024-11-21,Chile,Pro,True
U00224,2024-03-17,Argentina,Free,False
U00225,2024-10-19,Argentina,Pro,True
U00226,2024-09-25,USA,Pro,True
U00227,2024-09-07,Mexico,Basic,True
U00228,2024-07-28,Chile,Pro,True
U00229,2024-07-02,USA,Basic,True
U00230,2024-08-09,Colombia,Free,False
U00231,2023-08-20,Argentina,Pro,True
U00232,2024-04-19,Chile,Basic,False
U00233,2024-02-10,Colombia,Basic,True
U00234,2023-11-18,Brazil,Basic,True
U00235,2024-05-12,Chile,Basic,True
U00236,2023-11-12,Chile,Free,False
U00237,2023-12-27,Peru,Free,False
U00238,2024-07-09,Brazil,Free,False
U00239,2024-03-20,Spain,Pro,False
U00240,2024-04-28,Mexico,Basic,True
U00241,2023-09-16,Spain,Free,False
U00242,2024-08-10,Peru,Pro,True
U00243,2024-08-08,Colombia,Free,True
U00244,2024-03-25,Peru,Basic,False
U00245,2023-10-19,Mexico,Basic,True
U00246,2024-05-31,Chile,Pro,True
U00247,2024-10-18,Mexico,Pro,True
U00248,2023-11-21,Chile,Free,False
U00249,2023-10-27,Brazil,Free,True
U00250,2024-10-07,Spain,Free,False
U00251,2024-09-02,Argentina,Basic,False
U00252,2023-10-10,Colombia,Basic,False
U00253,2024-04-12,Mexico,Free,True
U00254,2024-02-27,Chile,Pro,True
U00255,2024-07-02,Chile,Free,False
U00256,2024-10-08,Chile,Free,False
U00257,2023-07-22,Mexico,Free,False
U00258,2024-01-27,Argentina,Free,True
U00259,2024-02-07,Chile,Basic,False
U00260,2023-07-03,USA,Free,False
U00261,2024-03-13,Chile,Basic,False
U00262,2023-11-12,Peru,Free,True
U00263,2024-05-27,Chile,Free,True
U00264,2024-09-04,Argentina,Free,True
U00265,2024-07-05,Chile,Free,True
U00266,2023-08-14,Brazil,Basic,True
U00267,2024-05-04,Spain,Free,True
U00268,2024-11-02,Mexico,Basic,True
U00269,2024-09-27,Chile,Free,False
U00270,2023-09-06,Colombia,Free,False
U00271,2024-05-28,Colombia,Free,True
U00272,2024-11-29,Chile,Basic,True
U00273,2024-02-06,Brazil,Free,True
U00274,2024-10-07,Argentina,Free,True
U00275,2024-05-16,Mexico,Basic,True
U00276,2024-10-28,Peru,Free,True
U00277,2023-10-07,Mexico,Basic,True
U00278,2023-08-31,Colombia,Basic,True
U00279,2023-11-03,Brazil,Free,False
U00280,2024-09-06,Argentina,Pro,False
U00281,2024-05-15,Colombia,Free,True
U00282,2024-11-05,Chile,Free,False
U00283,2024-07-11,Chile,Free,True
U00284,2024-09-12,USA,Basic,False
U00285,2023-07-27,Argentina,Basic,True
U00286,2023-07-30,Argentina,Free,True
U00287,2024-06-12,Chile,Free,True
U00288,2024-08-14,Argentina,Free,False
U00289,2023-10-02,Chile,Basic,True
U00290,2024-06-14,Mexico,Free,True
U00291,2023-09-25,Chile,Pro,True
U00292,2023-08-20,Chile,Basic,True
U00293,2024-11-09,Mexico,Basic,True
U00294,2023-10-25,Chile,Free,False
U00295,2024-11-10,Mexico,Free,True
U00296,2023-08-26,Mexico,Free,True
U00297,2023-11-18,Chile,Basic,True
U00298,2024-11-21,Chile,Basic,True
U00299,2024-02-21,Peru,Free,False
U00300,2023-09-12,Argentina,Free,True
U00301,2024-10-13,Brazil,Pro,True
U00302,2024-08-18,Mexico,Basic,True
U00303,2023-07-22,Chile,Pro,False
U00304,2024-10-14,Brazil,Basic,True
U00305,2023-10-17,Colombia,Free,False
U00306,2024-08-09,Argentina,Pro,True
U00307,2023-12-20,Colombia,Free,False
U00308,2024-01-15,Mexico,Pro,True
U00309,2023-11-29,Chile,Free,True
U00310,2023-12-04,Argentina,Basic,True
U00311,2024-11-17,Colombia,Free,False
U00312,2024-05-26,Colombia,Pro,True
U00313,2023-09-08,Colombia,Free,False
U00314,2023-08-27,Chile,Free,True
U00315,2023-08-08,Peru,Free,True
U00316,2023-10-01,Colombia,Basic,True
U00317,2023-08-12,Peru,Free,False
U00318,2024-05-25,Colombia,Basic,False
U00319,2024-10-04,Brazil,Free,True
U00320,2023-09-25,Chile,Free,True
U00321,2024-09-21,Colombia,Pro,True
U00322,2024-07-07,Chile,Free,True
U00323,2024-06-11,Chile,Basic,True
U00324,2024-06-07,Chile,Free,False
U00325,2024-04-16,Brazil,Free,False
U00326,2023-12-01,Colombia,Free,True
U00327,2024-06-23,Argentina,Free,False
U00328,2023-11-10,Spain,Basic,True
U00329,2024-07-20,Mexico,Basic,True
U00330,2023-10-04,Mexico,Basic,True
U00331,2024-07-06,Spain,Free,True
U00332,2024-11-09,USA,Free,True
U00333,2024-04-28,Chile,Basic,False
U00334,2023-08-08,Brazil,Basic,True
U00335,2024-07-20,Chile,Free,False
U00336,2023-12-17,Chile,Basic,True
U00337,2024-02-29,Colombia,Pro,True
U00338,2024-10-02,Chile,Free,False
U00339,2024-10-23,Chile,Pro,True
U00340,2024-09-24,Chile,Free,True
U00341,2024-09-01,Peru,Pro,True
U00342,2023-11-19,Chile,Pro,True
U00343,2024-07-15,Chile,Basic,False
U00344,2023-11-05,Argentina,Free,True
U00345,2023-11-28,Chile,Basic,False
U00346,2024-10-04,Spain,Pro,True
U00347,2024-08-09,Chile,Free,False
U00348,2024-07-18,Mexico,Free,True
U00349,2024-06-08,Chile,Basic,True
U00350,2024-10-26,Chile,Basic,True
U00351,2024-10-02,Brazil,Basic,True
U00352,2024-02-06,Colombia,Basic,False
U00353,2024-09-06,Chile,Free,True
U00354,2023-08-18,Colombia,Free,False
U00355,2023-09-03,Brazil,Free,False
U00356,2023-07-17,Colombia,Basic,False
U00357,2024-04-24,Colombia,Free,True
U00358,2024-08-30,Argentina,Free,False
U00359,2024-07-04,Colombia,Free,True
U00360,2024-12-01,Mexico,Basic,True
U00361,2024-07-31,Chile,Pro,True
U00362,2023-09-08,Argentina,Free,False
U00363,2024-06-05,Mexico,Free,True
U00364,2023-12-27,Argentina,Basic,False
U00365,2024-11-02,Peru,Basic,True
U00366,2024-10-11,Chile,Free,False
U00367,2023-08-12,Mexico,Free,True
U00368,2024-10-27,Argentina,Free,True
U00369,2024-06-30,Chile,Pro,True
U00370,2024-04-05,Mexico,Free,False
U00371,2024-09-23,Mexico,Pro,False
U00372,2024-11-20,Mexico,Basic,False
U00373,2024-03-30,Argentina,Basic,True
U00374,2024-01-01,Mexico,Free,True
U00375,2024-04-28,Colombia,Free,True
U00376,2024-09-27,Chile,Free,False
U00377,2024-06-26,Mexico,Basic,True
U00378,2023-08-28,Colombia,Free,True
U00379,2023-12-11,Chile,Pro,True
U00380,2024-09-21,Chile,Free,False
U00381,2024-07-10,Spain,Free,True
U00382,2023-12-05,Spain,Basic,True
U00383,2023-09-17,Colombia,Basic,True
U00384,2024-04-11,Chile,Free,False
U00385,2024-11-23,Brazil,Free,True
U00386,2024-03-23,Chile,Basic,True
U00387,2024-11-14,Chile,Free,True
U00388,2023-12-24,Mexico,Pro,True
U00389,2024-05-23,Argentina,Basic,True
U00390,2024-04-23,Brazil,Pro,True
U00391,2023-12-26,Colombia,Basic,True
U00392,2024-01-22,Chile,Basic,True
U00393,2024-07-04,Mexico,Basic,False
U00394,2023-11-10,Chile,Basic,True
U00395,2024-11-02,Argentina,Free,False
U00396,2023-09-14,Mexico,Free,True
U00397,2024-10-20,Mexico,Basic,False
U00398,2024-01-03,Chile,Basic,True
U00399,2023-08-26,Colombia,Basic,True
U00400,2023-12-13,Argentina,Free,True
U00401,2024-04-16,Chile,Basic,True
U00402,2024-04-07,Mexico,Free,False
U00403,2024-11-26,Colombia,Basic,True
U00404,2023-12-23,Argentina,Basic,True
U00405,2023-08-12,Chile,Basic,True
U00406,2024-03-28,Argentina,Basic,True
U00407,2023-08-01,Colombia,Free,True
U00408,2024-05-05,Peru,Free,False
U00409,2024-04-30,Argentina,Free,True
U00410,2024-08-29,Chile,Free,False
U00411,2024-05-16,Mexico,Pro,False
U00412,2024-06-18,Chile,Pro,True
U00413,2023-10-17,Mexico,Free,True
U00414,2024-03-10,Chile,Free,False
U00415,2024-09-01,Brazil,Free,True
U00416,2024-05-31,Argentina,Pro,True
U00417,2023-12-11,Colombia,Free,True
U00418,2024-05-11,Chile,Free,True
U00419,2024-10-11,Chile,Pro,True
U00420,2023-08-21,Colombia,Free,False
U00421,2024-10-24,Chile,Free,True
U00422,2023-11-15,Argentina,Pro,True
U00423,2024-07-09,Chile,Free,False
U00424,2024-07-06,Chile,Basic,True
U00425,2024-04-12,Colombia,Basic,True
U00426,2023-11-09,Mexico,Pro,True
U00427,2024-06-12,Mexico,Basic,True
U00428,2024-08-15,Chile,Free,True
U00429,2024-06-06,Colombia,Basic,True
U00430,2023-11-21,Colombia,Free,True
U00431,2024-05-02,Colombia,Basic,True
U00432,2024-11-13,Chile,Basic,False
U00433,2024-07-12,Chile,Free,True
U00434,2024-05-11,Argentina,Basic,True
U00435,2023-07-28,Chile,Basic,True
U00436,2024-02-19,Colombia,Basic,True
U00437,2024-07-24,Argentina,Free,True
U00438,2023-10-21,Mexico,Free,True
U00439,2024-08-26,Mexico,Basic,False
U00440,2024-10-25,Argentina,Pro,True
U00441,2023-11-19,Colombia,Free,False
U00442,2024-11-01,Mexico,Free,True
U00443,2024-06-15,Argentina,Free,False
U00444,2024-03-27,Chile,Basic,True
U00445,2024-05-01,USA,Free,True
U00446,2024-04-21,Argentina,Basic,True
U00447,2024-11-03,Spain,Free,False
U00448,2024-04-06,Colombia,Free,False
U00449,2024-08-08,Spain,Basic,False
U00450,2024-04-23,Spain,Free,True
U00451,2024-09-25,Argentina,Basic,True
U00452,2024-04-03,Argentina,Pro,True
U00453,2024-03-02,Argentina,Free,False
U00454,2024-02-24,Mexico,Free,False
U00455,2023-10-11,Chile,Basic,False
U00456,2023-12-09,Spain,Free,False
U00457,2024-10-31,Argentina,Basic,True
U00458,2024-04-18,Brazil,Basic,True
U00459,2024-02-23,Argentina,Free,False
U00460,2023-12-27,Peru,Free,False
U00461,2023-08-07,Mexico,Pro,True
U00462,2024-04-22,Chile,Pro,True
U00463,2023-10-18,Mexico,Pro,True
U00464,2024-11-17,Chile,Pro,True
U00465,2024-04-05,Chile,Free,True
U00466,2024-10-12,Argentina,Basic,True
U00467,2024-06-10,Colombia,Basic,False
U00468,2023-12-27,Colombia,Basic,True
U00469,2024-09-10,Chile,Free,False
U00470,2024-01-06,Mexico,Pro,False
U00471,2023-07-07,Chile,Free,False
U00472,2024-06-02,Argentina,Free,True
U00473,2024-07-03,Chile,Basic,True
U00474,2024-05-10,Argentina,Free,False
U00475,2024-05-14,Colombia,Basic,False
U00476,2024-07-11,Chile,Basic,True
U00477,2023-12-04,USA,Free,True
U00478,2024-10-25,Peru,Basic,False
U00479,2024-03-10,Colombia,Basic,False
U00480,2024-09-30,Mexico,Free,False
U00481,2023-10-23,Colombia,Free,True
U00482,2023-12-01,Brazil,Free,True
U00483,2024-01-27,Mexico,Basic,False
U00484,2024-09-29,Mexico,Basic,True
U00485,2024-10-10,Colombia,Basic,True
U00486,2024-05-11,Mexico,Basic,False
U00487,2024-02-09,Chile,Basic,True
U00488,2023-09-04,Chile,Free,False
U00489,2024-10-26,Mexico,Free,False
U00490,2024-09-03,Brazil,Free,True
U00491,2024-07-21,Argentina,Free,False
U00492,2023-11-14,Mexico,Basic,True
U00493,2024-08-06,Argentina,Free,True
U00494,2023-07-04,USA,Basic,True
U00495,2024-09-07,Peru,Free,True
U00496,2024-06-19,Chile,Free,False
U00497,2023-10-24,Argentina,Free,False
U00498,2023-07-17,Chile,Free,False
U00499,2024-09-30,Argentina,Basic,True
U00500,2023-08-15,Chile,Free,True
U00501,2023-08-27,USA,Free,True
U00502,2024-05-22,Peru,Basic,False
U00503,2024-02-28,Chile,Free,False
U00504,2024-02-12,Chile,Free,False
U00505,2023-12-27,Mexico,Basic,True
U00506,2024-06-17,Argentina,Pro,True
U00507,2024-05-22,Mexico,Basic,True
U00508,2024-01-05,Mexico,Basic,False
U00509,2024-05-03,Chile,Pro,True
U00510,2023-08-29,Spain,Basic,True
U00511,2023-11-15,Chile,Free,True
U00512,2023-09-19,Peru,Pro,True
U00513,2024-01-12,Mexico,Free,False
U00514,2023-08-10,Chile,Pro,True
U00515,2024-02-08,Brazil,Free,True
U00516,2023-07-16,Chile,Free,False
U00517,2024-11-02,Argentina,Pro,True
U00518,2024-08-10,Colombia,Pro,True
U00519,2024-07-24,Colombia,Free,True
U00520,2024-07-03,Mexico,Free,True
U00521,2024-10-23,Mexico,Basic,True
U00522,2024-05-16,Colombia,Free,True
U00523,2023-11-27,Colombia,Free,False
U00524,2024-08-31,Chile,Free,True
U00525,2024-03-08,Argentina,Free,False
U00526,2024-03-20,Mexico,Basic,False
U00527,2024-11-14,Argentina,Free,True
U00528,2023-11-21,Mexico,Basic,False
U00529,2023-08-30,Peru,Free,True
U00530,2023-08-19,Mexico,Basic,False
U00531,2024-02-22,Chile,Free,True
U00532,2024-10-09,Colombia,Free,False
U00533,2024-11-06,Chile,Basic,True
U00534,2024-08-25,Colombia,Free,True
U00535,2024-04-19,Peru,Free,False
U00536,2023-12-31,Chile,Free,True
U00537,2024-01-13,Chile,Basic,True
U00538,2024-08-10,Spain,Free,True
U00539,2024-03-06,Chile,Pro,True
U00540,2023-09-21,Brazil,Basic,False
U00541,2023-10-04,Mexico,Free,True
U00542,2023-07-10,Chile,Basic,False
U00543,2024-06-04,Brazil,Basic,True
U00544,2023-08-13,Brazil,Free,False
U00545,2024-10-29,Spain,Free,False
U00546,2024-04-13,Colombia,Pro,True
U00547,2024-05-18,Chile,Free,True
U00548,2024-08-11,Chile,Pro,True
U00549,2024-08-02,Colombia,Basic,True
U00550,2023-11-21,Argentina,Basic,True
U00551,2024-06-19,Mexico,Free,False
U00552,2024-06-13,Colombia,Basic,True
U00553,2024-05-30,Chile,Free,False
U00554,2024-11-14,Colombia,Free,True
U00555,2024-01-07,Argentina,Basic,True
U00556,2024-04-28,Argentina,Basic,True
U00557,2023-12-05,Peru,Free,True
U00558,2024-08-02,Chile,Free,True
U00559,2024-05-11,Argentina,Free,True
U00560,2023-09-28,Mexico,Free,False
U00561,2024-08-21,Chile,Free,False
U00562,2024-05-28,Chile,Pro,True
U00563,2023-09-25,Colombia,Basic,False
U00564,2024-03-05,Chile,Basic,True
U00565,2023-11-20,Chile,Free,True
U00566,2023-12-19,Mexico,Free,True
U00567,2023-09-17,Spain,Free,False
U00568,2024-11-19,Chile,Basic,True
U00569,2024-05-07,Mexico,Free,False
U00570,2024-07-24,Mexico,Basic,True
U00571,2023-11-17,Colombia,Free,False
U00572,2024-11-02,Spain,Free,False
U00573,2024-04-24,Colombia,Basic,False
U00574,2024-03-05,Chile,Free,False
U00575,2024-07-08,Colombia,Free,False
U00576,2024-01-01,Colombia,Basic,False
U00577,2024-10-15,Chile,Pro,True
U00578,2023-09-09,Peru,Basic,True
U00579,2024-11-23,Mexico,Free,True
U00580,2023-12-05,Peru,Basic,True
U00581,2024-11-02,Colombia,Basic,False
U00582,2024-09-01,Peru,Free,True
U00583,2023-09-26,Chile,Free,False
U00584,2023-12-18,Chile,Basic,False
U00585,2024-08-13,Mexico,Pro,True
U00586,2023-10-17,Chile,Free,True
U00587,2024-02-12,Mexico,Free,False
U00588,2024-11-24,USA,Free,True
U00589,2024-04-28,Spain,Free,True
U00590,2023-11-23,Mexico,Free,False
U00591,2024-11-06,Chile,Free,False
U00592,2024-10-06,Mexico,Free,False
U00593,2023-10-26,Mexico,Free,True
U00594,2023-12-16,Argentina,Pro,True
U00595,2023-12-11,Mexico,Free,True
U00596,2024-08-18,Chile,Basic,True
U00597,2024-08-09,Colombia,Free,True
U00598,2024-09-12,Argentina,Free,True
U00599,2023-09-03,Peru,Basic,True
U00600,2024-07-09,Mexico,Free,True
U00601,2024-11-13,Colombia,Free,False
U00602,2024-08-05,Mexico,Basic,False
U00603,2023-12-24,Argentina,Basic,True
U00604,2023-09-25,Mexico,Basic,True
U00605,2023-10-28,Argentina,Free,True
U00606,2024-09-01,Colombia,Basic,True
U00607,2024-11-10,Argentina,Basic,True
U00608,2023-12-25,Mexico,Basic,True
U00609,2024-05-18,Colombia,Basic,False
U00610,2023-07-10,Chile,Free,True
U00611,2024-11-29,Mexico,Basic,True
U00612,2024-09-27,Chile,Free,True
U00613,2024-02-11,Chile,Free,False
U00614,2023-12-20,Colombia,Basic,False
U00615,2024-11-19,Chile,Free,True
U00616,2024-07-10,Argentina,Free,False
U00617,2024-09-24,USA,Free,True
U00618,2024-03-10,USA,Free,True
U00619,2024-06-21,Chile,Pro,True
U00620,2023-10-29,Chile,Basic,False
U00621,2024-06-24,Colombia,Pro,True
U00622,2023-11-20,Peru,Basic,False
U00623,2024-06-24,Colombia,Free,True
U00624,2024-04-25,Chile,Free,False
U00625,2023-10-06,Argentina,Free,True
U00626,2023-08-30,Brazil,Pro,True
U00627,2023-11-13,Argentina,Free,False
U00628,2024-08-06,Colombia,Free,True
U00629,2024-08-28,Chile,Free,False
U00630,2023-10-04,Argentina,Free,False
U00631,2024-07-12,Mexico,Free,False
U00632,2023-10-04,Mexico,Basic,True
U00633,2024-07-01,Peru,Pro,True
U00634,2024-09-12,Mexico,Basic,True
U00635,2024-04-16,Colombia,Free,False
U00636,2024-11-08,Brazil,Basic,False
U00637,2023-08-17,Peru,Free,True
U00638,2023-11-05,Chile,Pro,True
U00639,2024-09-11,Argentina,Free,True
U00640,2024-05-05,Spain,Free,True
U00641,2024-07-04,Mexico,Free,False
U00642,2023-12-17,Colombia,Free,False
U00643,2024-02-25,Chile,Free,True
U00644,2024-02-04,Chile,Free,True
U00645,2024-09-28,Argentina,Free,False
U00646,2024-09-05,Mexico,Basic,True
U00647,2023-09-30,Chile,Basic,True
U00648,2024-05-02,Peru,Free,False
U00649,2023-11-14,Argentina,Basic,True
U00650,2023-07-09,Chile,Basic,True
U00651,2024-02-04,Chile,Basic,True
U00652,2024-09-26,Chile,Pro,True
U00653,2023-11-04,Mexico,Basic,False
U00654,2024-05-18,Chile,Basic,True
U00655,2024-03-11,Colombia,Basic,True
U00656,2023-07-28,Argentina,Basic,True
U00657,2024-01-10,Chile,Basic,True
U00658,2024-03-02,Chile,Free,True
U00659,2023-09-11,USA,Free,False
U00660,2024-05-20,Brazil,Free,False
U00661,2024-07-09,Chile,Free,True
U00662,2023-09-13,Chile,Free,True
U00663,2023-08-10,Spain,Pro,True
U00664,2024-04-19,Colombia,Basic,True
U00665,2024-08-15,Colombia,Free,False
U00666,2024-04-10,Chile,Free,False
U00667,2023-12-07,Mexico,Free,False
U00668,2023-09-06,Mexico,Free,False
U00669,2024-03-01,Chile,Free,True
U00670,2024-10-07,Chile,Basic,True
U00671,2023-12-27,Argentina,Free,False
U00672,2023-12-15,Mexico,Free,True
U00673,2024-03-22,Chile,Free,False
U00674,2024-04-01,Chile,Basic,False
U00675,2024-06-08,Chile,Basic,True
U00676,2023-09-17,Colombia,Free,True
U00677,2023-12-18,Chile,Free,True
U00678,2023-10-27,Colombia,Free,True
U00679,2023-07-13,Mexico,Free,True
U00680,2023-12-01,Spain,Free,True
U00681,2024-09-02,Chile,Free,False
U00682,2024-05-23,Chile,Free,True
U00683,2024-11-26,Chile,Basic,True
U00684,2023-08-17,Chile,Pro,True
U00685,2024-04-15,Mexico,Basic,True
U00686,2024-10-10,Chile,Free,False
U00687,2024-05-07,Chile,Basic,True
U00688,2024-11-17,Peru,Pro,True
U00689,2024-03-08,Spain,Free,True
U00690,2024-06-19,Argentina,Basic,True
U00691,2024-06-08,Argentina,Free,False
U00692,2024-05-10,Colombia,Free,True
U00693,2024-11-15,USA,Pro,True
U00694,2024-04-12,Spain,Free,False
U00695,2024-08-26,Mexico,Basic,False
U00696,2023-09-25,Colombia,Basic,True
U00697,2024-08-07,Colombia,Free,True
U00698,2023-11-11,Chile,Free,True
U00699,2024-08-06,Argentina,Basic,True
U00700,2024-04-04,Spain,Free,True
U00701,2023-10-20,Chile,Free,True
U00702,2024-08-20,Mexico,Free,False
U00703,2024-10-05,Chile,Free,True
U00704,2023-12-09,Mexico,Basic,True
U00705,2023-08-11,Brazil,Free,True
U00706,2024-03-11,Mexico,Pro,True
U00707,2024-05-02,USA,Free,True
U00708,2024-08-18,Colombia,Pro,True
U00709,2023-10-05,Peru,Free,True
U00710,2023-07-13,Peru,Free,True
U00711,2024-01-19,Mexico,Basic,True
U00712,2023-09-25,Chile,Basic,False
U00713,2023-07-23,Chile,Pro,True
U00714,2023-11-09,Peru,Free,False
U00715,2023-11-03,Mexico,Free,True
U00716,2024-09-16,Mexico,Basic,True
U00717,2024-09-09,Chile,Free,True
U00718,2024-04-12,Chile,Free,False
U00719,2024-03-08,Mexico,Basic,False
U00720,2024-11-02,Chile,Free,True
U00721,2024-01-21,Peru,Basic,True
U00722,2023-07-20,Peru,Pro,True
U00723,2024-11-08,Colombia,Free,True
U00724,2024-04-02,Mexico,Free,True
U00725,2024-04-13,USA,Free,False
U00726,2024-02-24,Chile,Pro,True
U00727,2024-03-29,Peru,Free,False
U00728,2024-02-10,USA,Basic,True
U00729,2023-12-25,Colombia,Free,False
U00730,2024-07-02,Chile,Pro,True
U00731,2023-11-23,Chile,Basic,False
U00732,2024-11-16,Chile,Free,True
U00733,2023-08-27,Chile,Free,False
U00734,2023-07-01,Colombia,Free,False
U00735,2024-06-13,Brazil,Basic,False
U00736,2024-05-27,Chile,Free,False
U00737,2023-11-23,Peru,Basic,False
U00738,2023-09-13,Spain,Free,True
U00739,2023-10-12,Mexico,Free,False
U00740,2024-09-20,Spain,Basic,True
U00741,2023-12-26,Colombia,Basic,False
U00742,2024-06-30,Colombia,Free,True
U00743,2024-05-10,Chile,Basic,True
U00744,2023-07-02,Spain,Pro,True
U00745,2023-08-03,Mexico,Free,False
U00746,2024-02-12,Chile,Basic,True
U00747,2024-06-04,Chile,Basic,False
U00748,2023-12-19,Spain,Basic,False
U00749,2024-06-08,Chile,Free,True
U00750,2023-09-08,Peru,Free,False
U00751,2023-08-19,Argentina,Free,False
U00752,2024-08-27,Mexico,Free,False
U00753,2023-10-12,Peru,Basic,True
U00754,2024-02-16,Chile,Free,False
U00755,2024-04-27,Chile,Free,True
U00756,2024-06-15,Mexico,Free,False
U00757,2023-10-04,USA,Free,False
U00758,2023-08-01,Argentina,Free,False
U00759,2024-09-17,Chile,Free,True
U00760,2024-01-11,Colombia,Free,False
U00761,2024-03-28,Chile,Basic,True
U00762,2024-08-06,Peru,Basic,True
U00763,2024-07-04,Chile,Free,False
U00764,2024-11-03,Chile,Free,True
U00765,2024-04-24,Mexico,Pro,True
U00766,2024-08-11,Brazil,Free,True
U00767,2024-07-31,Brazil,Free,True
U00768,2024-09-29,Mexico,Free,True
U00769,2024-04-01,Chile,Basic,True
U00770,2023-10-08,Mexico,Free,False
U00771,2024-02-18,Peru,Basic,False
U00772,2024-09-01,Argentina,Pro,False
U00773,2024-02-27,Chile,Free,False
U00774,2023-08-05,Brazil,Free,False
U00775,2023-11-28,Argentina,Free,True
U00776,2023-12-19,Peru,Pro,True
U00777,2024-09-06,Argentina,Free,True
U00778,2023-11-29,Chile,Basic,False
U00779,2023-09-07,Colombia,Free,False
U00780,2024-04-08,Brazil,Free,True
U00781,2024-09-02,Chile,Free,False
U00782,2023-10-11,Colombia,Pro,True
U00783,2024-04-18,Brazil,Pro,True
U00784,2024-03-27,Mexico,Free,False
U00785,2023-08-08,Mexico,Free,False
U00786,2024-08-15,Brazil,Free,True
U00787,2024-02-29,Mexico,Free,True
U00788,2024-07-16,Peru,Free,True
U00789,2024-04-13,Brazil,Basic,True
U00790,2024-02-19,USA,Free,True
U00791,2024-05-24,Mexico,Free,False
U00792,2024-01-09,Brazil,Free,True
U00793,2024-11-08,Brazil,Basic,False
U00794,2023-12-10,Argentina,Free,True
U00795,2023-07-30,Brazil,Free,True
U00796,2023-08-29,Mexico,Free,False
U00797,2024-01-20,Peru,Free,True
U00798,2023-11-04,Chile,Basic,True
U00799,2024-09-29,Brazil,Free,False
U00800,2024-06-23,Peru,Free,True
U00801,2023-10-01,Mexico,Free,True
U00802,2024-02-05,Colombia,Pro,True
U00803,2024-04-01,Colombia,Basic,False
U00804,2023-07-10,Chile,Free,True
U00805,2023-07-09,Colombia,Free,False
U00806,2024-04-07,Mexico,Free,True
U00807,2024-03-15,Mexico,Free,False
U00808,2024-08-10,Chile,Basic,False
U00809,2024-07-18,Colombia,Basic,True
U00810,2023-10-19,Mexico,Free,True
U00811,2024-05-28,Chile,Pro,True
U00812,2024-05-01,Colombia,Free,True
U00813,2023-08-28,Peru,Basic,True
U00814,2024-05-23,Argentina,Basic,True
U00815,2024-04-28,Mexico,Free,True
U00816,2023-08-06,USA,Basic,False
U00817,2024-06-16,Chile,Basic,True
U00818,2024-10-30,Argentina,Pro,True
U00819,2023-12-22,Brazil,Basic,True
U00820,2023-10-08,Argentina,Free,False
U00821,2024-01-04,Brazil,Pro,True
U00822,2024-02-13,Argentina,Free,True
U00823,2024-06-04,Colombia,Free,True
U00824,2023-10-29,Brazil,Free,False
U00825,2023-09-11,Chile,Free,True
U00826,2024-07-25,Mexico,Free,False
U00827,2023-12-02,Chile,Free,True
U00828,2024-10-11,Brazil,Free,True
U00829,2023-09-21,Colombia,Free,True
U00830,2023-08-29,Chile,Free,False
U00831,2023-12-20,Chile,Basic,False
U00832,2023-09-29,Mexico,Free,True
U00833,2024-09-12,Mexico,Pro,True
U00834,2024-01-21,Spain,Basic,False
U00835,2024-01-12,Chile,Free,False
U00836,2024-02-17,Mexico,Basic,True
U00837,2024-07-27,Mexico,Free,True
U00838,2023-08-16,Chile,Free,False
U00839,2024-06-10,Argentina,Free,True
U00840,2024-11-13,Chile,Free,False
U00841,2024-08-17,Chile,Free,False
U00842,2024-02-02,Colombia,Basic,True
U00843,2024-07-10,Peru,Basic,True
U00844,2024-03-18,Colombia,Basic,True
U00845,2023-08-19,Argentina,Basic,True
U00846,2023-10-27,Mexico,Free,False
U00847,2024-10-28,Chile,Basic,True
U00848,2023-07-10,Argentina,Free,False
U00849,2024-04-02,Argentina,Basic,True
U00850,2023-10-16,Colombia,Free,True
U00851,2023-10-17,Colombia,Free,False
U00852,2024-01-23,Mexico,Free,True
U00853,2024-11-20,Argentina,Pro,True
U00854,2024-02-26,Argentina,Free,False
U00855,2024-11-17,Chile,Free,True
U00856,2023-10-12,Colombia,Pro,True
U00857,2024-04-29,Chile,Free,False
U00858,2023-08-10,Mexico,Pro,True
U00859,2024-09-09,Chile,Basic,False
U00860,2023-08-16,Chile,Free,False
U00861,2024-06-01,Mexico,Free,False
U00862,2023-10-04,Mexico,Free,True
U00863,2024-08-13,Chile,Pro,True
U00864,2024-11-01,Colombia,Basic,False
U00865,2023-10-24,Argentina,Free,False
U00866,2023-12-11,Brazil,Free,True
U00867,2024-09-21,Mexico,Free,True
U00868,2023-07-30,Brazil,Pro,True
U00869,2023-11-11,Mexico,Free,False
U00870,2024-09-24,Chile,Free,True
U00871,2024-02-15,Argentina,Pro,True
U00872,2023-10-06,Argentina,Free,True
U00873,2024-07-29,Peru,Free,False
U00874,2023-08-25,Spain,Free,True
U00875,2024-10-23,Brazil,Pro,True
U00876,2024-11-15,Mexico,Free,True
U00877,2024-12-01,Colombia,Free,True
U00878,2024-02-26,Mexico,Free,False
U00879,2023-09-29,Mexico,Pro,True
U00880,2024-11-21,Chile,Basic,True
U00881,2023-08-06,Chile,Basic,True
U00882,2024-05-07,Colombia,Pro,True
U00883,2024-10-10,Mexico,Pro,True
U00884,2024-02-14,Mexico,Basic,False
U00885,2024-10-27,Mexico,Basic,True
U00886,2023-10-08,Chile,Basic,True
U00887,2024-04-24,Mexico,Free,True
U00888,2023-12-16,Peru,Free,False
U00889,2024-08-23,Colombia,Free,True
U00890,2024-08-06,Peru,Free,True
U00891,2024-06-11,Mexico,Free,False
U00892,2023-11-04,Mexico,Basic,True
U00893,2024-11-28,Mexico,Free,False
U00894,2023-08-19,Mexico,Basic,True
U00895,2023-12-29,Chile,Basic,False
U00896,2023-10-15,Colombia,Free,False
U00897,2024-11-28,Mexico,Pro,True
U00898,2024-03-11,Spain,Free,False
U00899,2024-10-06,Chile,Basic,True
U00900,2024-05-02,Colombia,Basic,True
U00901,2024-02-08,Colombia,Free,True
U00902,2024-06-18,Chile,Pro,True
U00903,2023-12-30,Argentina,Free,True
U00904,2023-10-27,Colombia,Basic,True
U00905,2024-08-31,Brazil,Basic,True
U00906,2024-09-05,Colombia,Basic,True
U00907,2023-11-26,Chile,Free,True
U00908,2023-12-12,Argentina,Pro,True
U00909,2023-09-02,Chile,Basic,False
U00910,2023-08-03,Mexico,Free,False
U00911,2024-02-15,Colombia,Basic,True
U00912,2024-04-20,Chile,Basic,True
U00913,2024-08-30,USA,Pro,True
U00914,2023-08-25,Chile,Free,False
U00915,2024-09-26,Brazil,Basic,True
U00916,2024-07-11,Colombia,Basic,True
U00917,2024-01-15,Chile,Free,False
U00918,2024-01-08,Argentina,Pro,True
U00919,2023-08-11,Colombia,Free,True
U00920,2024-03-18,Mexico,Free,False
U00921,2023-08-10,Mexico,Free,True
U00922,2024-05-04,Colombia,Free,True
U00923,2024-05-21,Spain,Free,False
U00924,2024-11-29,Colombia,Free,True
U00925,2024-06-22,Chile,Free,True
U00926,2024-07-04,Spain,Free,False
U00927,2024-10-29,Peru,Pro,False
U00928,2023-07-10,Mexico,Free,True
U00929,2024-03-06,Argentina,Pro,True
U00930,2023-10-25,Colombia,Free,True
U00931,2024-07-18,Colombia,Free,True
U00932,2024-04-29,Chile,Pro,True
U00933,2023-10-07,Spain,Free,False
U00934,2023-07-08,Chile,Basic,True
U00935,2024-02-04,Mexico,Pro,True
U00936,2024-09-18,Spain,Basic,False
U00937,2023-12-05,Argentina,Free,True
U00938,2023-09-14,Peru,Free,False
U00939,2024-02-19,Mexico,Pro,True
U00940,2024-08-18,Chile,Free,False
U00941,2023-07-07,Colombia,Basic,False
U00942,2023-08-16,Chile,Basic,False
U00943,2023-10-17,Argentina,Free,False
U00944,2024-04-14,Mexico,Basic,True
U00945,2023-08-01,Colombia,Free,True
U00946,2024-08-04,Peru,Basic,True
U00947,2023-11-25,Brazil,Free,False
U00948,2024-07-17,Chile,Pro,True
U00949,2023-11-22,Chile,Free,False
U00950,2023-09-26,Argentina,Free,False
U00951,2024-06-17,Brazil,Free,False
U00952,2023-11-23,Chile,Free,False
U00953,2024-01-15,Argentina,Free,False
U00954,2023-08-25,Spain,Pro,False
U00955,2024-10-15,Chile,Basic,True
U00956,2024-03-13,Argentina,Free,True
U00957,2024-06-03,Argentina,Free,True
U00958,2024-04-17,Brazil,Basic,True
U00959,2024-10-04,Argentina,Free,False
U00960,2023-12-04,Mexico,Basic,True
U00961,2024-09-11,Mexico,Free,False
U00962,2024-09-19,Mexico,Free,False
U00963,2024-06-04,Mexico,Pro,True
U00964,2024-05-08,Chile,Free,False
U00965,2023-09-22,Brazil,Basic,True
U00966,2024-01-18,Brazil,Free,True
U00967,2023-09-16,Peru,Pro,True
U00968,2024-08-18,Chile,Basic,True
U00969,2024-03-23,USA,Free,True
U00970,2023-11-30,Chile,Free,False
U00971,2024-04-23,Colombia,Free,True
U00972,2024-07-07,Argentina,Free,False
U00973,2023-12-17,Chile,Basic,True
U00974,2023-11-27,Mexico,Basic,True
U00975,2024-02-10,Chile,Basic,True
U00976,2024-02-25,Chile,Free,False
U00977,2024-07-04,Brazil,Free,False
U00978,2023-08-10,Mexico,Pro,True
U00979,2024-04-06,Chile,Basic,True
U00980,2023-12-26,Mexico,Free,False
U00981,2023-09-18,Mexico,Free,False
U00982,2024-08-19,Brazil,Free,True
U00983,2024-11-05,Chile,Pro,False
U00984,2024-09-23,Chile,Free,False
U00985,2024-02-02,Chile,Free,False
U00986,2023-10-30,Mexico,Basic,True
U00987,2023-10-25,Mexico,Free,True
U00988,2023-12-13,Mexico,Basic,True
U00989,2023-11-08,Chile,Basic,True
U00990,2023-08-10,Chile,Pro,True
U00991,2024-01-01,Mexico,Free,False
U00992,2023-07-20,Argentina,Pro,True
U00993,2023-09-26,Colombia,Free,True
U00994,2024-11-05,Peru,Free,False
U00995,2024-01-03,Colombia,Basic,True
U00996,2024-06-15,Colombia,Pro,True
U00997,2024-07-22,Chile,Free,True
U00998,2024-11-28,Peru,Basic,True
U00999,2023-12-29,Colombia,Free,True
U01000,2024-11-27,Chile,Basic,True
U01001,2023-07-02,Peru,Pro,True
U01002,2024-09-03,Chile,Free,False
U01003,2024-02-20,Mexico,Pro,True
U01004,2024-06-23,Argentina,Basic,False
U01005,2023-10-09,Chile,Free,False
U01006,2023-09-24,Brazil,Free,True
U01007,2024-01-10,Argentina,Free,True
U01008,2023-10-29,Mexico,Free,True
U01009,2024-05-19,Chile,Free,True
U01010,2024-03-16,Colombia,Free,False
U01011,2024-04-08,Mexico,Pro,True
U01012,2024-11-06,Colombia,Free,True
U01013,2024-05-10,Peru,Basic,True
U01014,2023-11-19,Argentina,Pro,True
U01015,2024-09-30,Spain,Basic,True
U01016,2024-08-14,Peru,Basic,True
U01017,2023-08-23,Spain,Free,True
U01018,2023-10-02,Mexico,Basic,True
U01019,2023-09-29,Chile,Free,True
U01020,2023-08-08,Spain,Basic,True
U01021,2024-04-19,Colombia,Basic,False
U01022,2023-12-27,Mexico,Basic,True
U01023,2024-04-18,Peru,Free,True
U01024,2024-02-23,Argentina,Basic,True
U01025,2023-07-01,Chile,Pro,True
U01026,2024-08-13,Mexico,Free,False
U01027,2023-07-16,Chile,Basic,True
U01028,2024-04-17,Colombia,Basic,True
U01029,2024-06-20,Chile,Pro,True
U01030,2024-01-16,Mexico,Free,True
U01031,2023-12-27,Chile,Free,True
U01032,2024-04-27,Chile,Free,True
U01033,2024-03-20,Peru,Pro,True
U01034,2024-09-26,Colombia,Pro,True
U01035,2024-06-12,Mexico,Pro,True
U01036,2023-07-29,Chile,Free,True
U01037,2024-02-11,Chile,Basic,True
U01038,2024-06-26,Chile,Free,False
U01039,2024-03-11,Mexico,Free,False
U01040,2024-06-15,Spain,Free,True
U01041,2024-06-27,Colombia,Free,True
U01042,2024-01-11,Chile,Free,False
U01043,2024-03-28,Chile,Free,True
U01044,2024-06-29,Chile,Free,False
U01045,2024-11-16,Argentina,Basic,True
U01046,2023-08-13,Mexico,Basic,True
U01047,2024-04-07,USA,Free,False
U01048,2024-04-12,Argentina,Free,True
U01049,2024-09-06,Colombia,Free,True
U01050,2024-08-07,Peru,Pro,True
U01051,2023-11-01,Mexico,Basic,True
U01052,2023-07-13,Mexico,Basic,True
U01053,2024-07-05,Chile,Basic,True
U01054,2024-02-28,Spain,Free,True
U01055,2024-01-05,Chile,Free,False
U01056,2024-07-16,Mexico,Free,True
U01057,2023-11-12,Argentina,Pro,True
U01058,2024-04-02,Colombia,Basic,False
U01059,2024-01-17,Spain,Free,True
U01060,2023-07-10,Mexico,Free,False
U01061,2024-05-19,Mexico,Basic,True
U01062,2023-08-18,Argentina,Free,True
U01063,2024-03-17,Colombia,Free,True
U01064,2024-06-07,Mexico,Free,False
U01065,2024-03-20,Mexico,Free,True
U01066,2024-01-20,Colombia,Basic,True
U01067,2024-04-17,Argentina,Free,True
U01068,2024-09-30,Mexico,Pro,True
U01069,2023-11-26,Colombia,Pro,False
U01070,2024-09-04,Colombia,Basic,False
U01071,2023-09-12,Mexico,Free,True
U01072,2024-04-24,Colombia,Basic,True
U01073,2024-09-28,Spain,Basic,False
U01074,2024-10-04,Chile,Free,True
U01075,2024-02-26,Spain,Basic,True
U01076,2023-09-20,Mexico,Free,True
U01077,2024-10-27,Chile,Free,True
U01078,2023-09-24,Colombia,Free,True
U01079,2024-08-03,Chile,Free,True
U01080,2023-11-07,Peru,Free,True
U01081,2024-06-30,Mexico,Pro,True
U01082,2024-04-04,Chile,Free,False
U01083,2023-12-29,Mexico,Basic,False
U01084,2024-09-18,Colombia,Free,True
U01085,2024-06-20,Chile,Free,True
U01086,2024-05-11,Chile,Free,True
U01087,2023-07-01,Argentina,Free,True
U01088,2024-04-19,Chile,Free,False
U01089,2024-10-31,Argentina,Free,False
U01090,2024-02-22,Colombia,Basic,True
U01091,2024-09-20,Chile,Free,False
U01092,2024-08-03,Chile,Basic,True
U01093,2024-03-02,Peru,Free,False
U01094,2024-04-04,Argentina,Free,False
U01095,2024-08-26,Chile,Free,True
U01096,2023-10-22,Colombia,Basic,True
U01097,2024-11-15,Chile,Free,True
U01098,2023-07-23,Chile,Free,True
U01099,2024-09-21,Chile,Basic,True
U01100,2024-11-17,Mexico,Free,False
U01101,2024-11-22,Mexico,Pro,True
U01102,2024-06-03,Argentina,Free,True
U01103,2024-03-29,Chile,Basic,True
U01104,2024-01-13,Chile,Pro,True
U01105,2023-07-13,Argentina,Free,True
U01106,2024-09-26,USA,Free,True
U01107,2023-10-05,USA,Free,True
U01108,2024-05-15,Chile,Pro,True
U01109,2023-11-03,Colombia,Free,True
U01110,2023-08-23,Chile,Pro,True
U01111,2024-09-17,Chile,Free,True
U01112,2023-10-31,Chile,Free,False
U01113,2024-10-29,Chile,Basic,False
U01114,2024-03-11,Chile,Free,False
U01115,2023-08-31,Colombia,Free,False
U01116,2023-10-18,Chile,Free,False
U01117,2024-06-20,Mexico,Basic,True
U01118,2024-07-21,Chile,Free,False
U01119,2024-11-08,Colombia,Basic,True
U01120,2024-11-13,Chile,Free,True
U01121,2024-10-22,Peru,Free,False
U01122,2023-12-12,Chile,Free,True
U01123,2024-03-26,Mexico,Free,False
U01124,2024-11-30,Chile,Free,True
U01125,2024-07-07,Chile,Basic,False
U01126,2024-07-31,Argentina,Free,False
U01127,2023-12-05,Mexico,Basic,True
U01128,2023-10-22,Argentina,Free,True
U01129,2023-11-10,Chile,Free,True
U01130,2024-01-13,Colombia,Free,False
U01131,2024-11-13,Argentina,Free,True
U01132,2024-07-10,Argentina,Free,True
U01133,2024-01-30,Spain,Basic,False
U01134,2024-10-22,Chile,Basic,True
U01135,2024-08-29,Peru,Basic,True
U01136,2024-03-29,Argentina,Free,False
U01137,2023-09-18,Spain,Pro,True
U01138,2024-02-22,Chile,Free,False
U01139,2024-03-11,Spain,Basic,True
U01140,2024-08-29,Argentina,Basic,True
U01141,2024-10-12,Mexico,Basic,True
U01142,2024-01-01,Colombia,Free,False
U01143,2024-09-26,Brazil,Pro,True
U01144,2024-05-28,Mexico,Basic,True
U01145,2024-05-27,Colombia,Basic,True
U01146,2024-03-17,Mexico,Free,False
U01147,2023-07-01,USA,Basic,True
U01148,2023-11-16,Mexico,Pro,True
U01149,2024-02-13,Mexico,Free,False
U01150,2024-04-08,Colombia,Pro,True
U01151,2023-12-06,Mexico,Free,True
U01152,2024-03-28,Colombia,Free,True
U01153,2024-05-03,Mexico,Free,False
U01154,2023-09-18,Peru,Basic,True
U01155,2023-10-06,Mexico,Basic,False
U01156,2024-07-25,Chile,Free,False
U01157,2024-06-21,Mexico,Pro,False
U01158,2023-11-01,Chile,Pro,True
U01159,2023-07-12,Colombia,Basic,True
U01160,2023-08-12,Colombia,Free,True
U01161,2024-02-12,Argentina,Free,False
U01162,2024-09-29,Colombia,Basic,True
U01163,2024-09-15,Mexico,Free,True
U01164,2023-09-23,Argentina,Free,False
U01165,2024-03-25,Colombia,Free,False
U01166,2023-11-11,Mexico,Basic,True
U01167,2024-08-08,Chile,Basic,True
U01168,2024-03-09,Chile,Free,True
U01169,2023-09-30,Mexico,Free,True
U01170,2024-01-12,Colombia,Free,True
U01171,2024-05-08,Mexico,Free,False
U01172,2024-09-25,Mexico,Basic,False
U01173,2024-02-25,Mexico,Free,False
U01174,2023-09-26,Chile,Free,False
U01175,2023-11-29,Peru,Pro,True
U01176,2023-10-22,Mexico,Free,True
U01177,2024-02-02,Colombia,Free,True
U01178,2024-11-06,USA,Basic,True
U01179,2023-07-19,Brazil,Free,False
U01180,2024-03-18,Chile,Free,False
U01181,2024-04-03,Argentina,Free,True
U01182,2024-08-01,Argentina,Basic,False
U01183,2024-07-03,Chile,Pro,True
U01184,2024-07-30,Mexico,Free,False
U01185,2023-10-10,Mexico,Pro,True
U01186,2023-09-29,Colombia,Free,True
U01187,2023-07-23,Spain,Free,True
U01188,2024-11-13,Chile,Free,True
U01189,2024-06-25,Mexico,Free,False
U01190,2024-11-25,Chile,Free,True
U01191,2024-07-31,Peru,Pro,True
U01192,2024-04-12,Mexico,Free,True
U01193,2023-11-18,Mexico,Free,False
U01194,2024-02-18,Colombia,Free,True
U01195,2024-05-15,Mexico,Pro,True
U01196,2024-01-28,Colombia,Basic,True
U01197,2024-01-24,Mexico,Pro,True
U01198,2023-11-16,Brazil,Free,False
U01199,2023-12-09,Colombia,Free,False
U01200,2023-10-30,Peru,Free,True
U01201,2023-07-31,Brazil,Basic,True
U01202,2024-08-25,Argentina,Free,False
U01203,2024-04-06,Chile,Free,True
U01204,2023-07-27,Colombia,Basic,True
U01205,2024-02-22,Chile,Basic,True
U01206,2023-09-20,Mexico,Basic,True
U01207,2024-10-23,Mexico,Basic,False
U01208,2024-11-15,Chile,Free,True
U01209,2024-08-22,Chile,Basic,True
U01210,2024-08-26,Argentina,Free,True
U01211,2024-01-26,Spain,Free,False
U01212,2024-11-13,Brazil,Basic,False
U01213,2024-09-10,Chile,Free,False
U01214,2024-07-24,Mexico,Basic,False
U01215,2023-08-09,Mexico,Free,False
U01216,2023-08-13,Chile,Pro,True
U01217,2023-08-10,Colombia,Basic,True
U01218,2023-08-20,Mexico,Free,False
U01219,2024-04-18,Mexico,Free,False
U01220,2023-08-25,Brazil,Basic,True
U01221,2024-10-05,Colombia,Free,True
U01222,2023-11-16,Mexico,Free,True
U01223,2024-10-07,Argentina,Basic,True
U01224,2024-10-08,Mexico,Free,False
U01225,2023-12-15,Chile,Basic,True
U01226,2024-10-03,Chile,Basic,True
U01227,2023-12-11,Mexico,Free,False
U01228,2024-06-08,Argentina,Basic,True
U01229,2023-11-26,Argentina,Free,True
U01230,2024-05-12,Spain,Basic,True
U01231,2024-01-02,Chile,Free,True
U01232,2024-03-16,Mexico,Free,True
U01233,2023-07-06,Mexico,Basic,True
U01234,2024-10-30,Mexico,Free,False
U01235,2023-07-07,Colombia,Free,False
U01236,2024-01-29,Chile,Free,False
U01237,2023-08-07,Chile,Free,False
U01238,2024-05-01,Chile,Free,True
U01239,2023-12-30,Chile,Free,False
U01240,2023-12-29,Argentina,Pro,True
U01241,2023-08-06,Chile,Free,True
U01242,2024-07-23,Argentina,Basic,False
U01243,2023-09-05,Chile,Free,False
U01244,2024-04-07,Mexico,Free,True
U01245,2024-01-31,Chile,Basic,False
U01246,2023-09-28,Argentina,Free,False
U01247,2024-04-20,Peru,Free,True
U01248,2024-06-27,Colombia,Pro,True
U01249,2024-11-21,Chile,Free,False
U01250,2024-04-23,Chile,Pro,True
U01251,2023-10-29,Chile,Basic,True
U01252,2024-08-28,Mexico,Free,False
U01253,2024-02-03,Chile,Free,True
U01254,2023-09-08,Colombia,Free,True
U01255,2023-07-07,Mexico,Free,True
U01256,2023-07-30,Chile,Basic,False
U01257,2024-11-02,Peru,Pro,True
U01258,2024-11-05,Mexico,Free,False
U01259,2024-06-08,Peru,Free,False
U01260,2023-08-27,Chile,Basic,False
U01261,2024-05-19,Chile,Basic,True
U01262,2024-06-04,Brazil,Basic,True
U01263,2023-11-30,Chile,Free,False
U01264,2023-12-17,Mexico,Basic,True
U01265,2024-05-11,Mexico,Basic,True
U01266,2024-08-27,Brazil,Free,True
U01267,2024-05-05,Mexico,Free,True
U01268,2023-08-08,Brazil,Basic,True
U01269,2023-07-26,Brazil,Basic,True
U01270,2024-06-13,Argentina,Pro,True
U01271,2024-05-31,Brazil,Free,False
U01272,2023-11-13,Chile,Free,True
U01273,2023-10-27,Spain,Free,False
U01274,2023-09-28,Brazil,Free,True
U01275,2024-05-15,Argentina,Free,False
U01276,2024-01-31,Chile,Free,True
U01277,2024-05-22,Argentina,Basic,True
U01278,2023-12-09,Chile,Free,False
U01279,2023-10-13,Mexico,Free,True
U01280,2023-11-22,Peru,Pro,True
U01281,2023-12-23,Colombia,Free,True
U01282,2024-09-27,Chile,Free,False
U01283,2023-08-21,Chile,Free,True
U01284,2023-12-31,Brazil,Basic,True
U01285,2024-09-29,Mexico,Basic,False
U01286,2023-09-19,Argentina,Pro,True
U01287,2023-11-12,Peru,Free,False
U01288,2023-10-08,Argentina,Free,False
U01289,2024-10-19,Spain,Free,True
U01290,2024-03-21,Mexico,Pro,True
U01291,2024-06-03,Brazil,Basic,True
U01292,2023-07-31,Chile,Free,True
U01293,2023-12-22,Mexico,Free,False
U01294,2023-10-14,Argentina,Free,True
U01295,2023-09-11,Colombia,Basic,True
U01296,2024-08-27,Chile,Free,True
U01297,2024-11-05,Mexico,Free,False
U01298,2024-09-14,Mexico,Basic,False
U01299,2024-02-27,Argentina,Free,False
U01300,2024-11-10,Colombia,Free,True
U01301,2023-10-08,Chile,Basic,False
U01302,2023-09-10,Argentina,Basic,True
U01303,2024-07-23,Colombia,Free,True
U01304,2024-02-08,Brazil,Basic,False
U01305,2023-07-01,Argentina,Basic,True
U01306,2024-04-24,Colombia,Free,True
U01307,2024-05-20,Peru,Free,False
U01308,2024-09-18,Brazil,Basic,False
U01309,2023-07-09,Colombia,Basic,False
U01310,2024-04-27,Brazil,Free,False
U01311,2023-07-01,Peru,Basic,True
U01312,2024-04-14,Chile,Pro,True
U01313,2024-08-07,Argentina,Basic,True
U01314,2024-09-18,Argentina,Free,True
U01315,2024-01-09,Peru,Basic,True
U01316,2024-08-31,USA,Free,False
U01317,2023-11-15,Colombia,Free,True
U01318,2024-11-10,USA,Basic,True
U01319,2023-11-18,Mexico,Basic,True
U01320,2024-09-08,Mexico,Basic,True
U01321,2024-10-03,Chile,Free,True
U01322,2023-07-08,Peru,Basic,True
U01323,2024-11-25,Spain,Free,False
U01324,2023-08-04,Colombia,Pro,True
U01325,2023-10-24,Spain,Basic,True
U01326,2024-04-12,Chile,Free,False
U01327,2023-09-29,Colombia,Free,False
U01328,2023-09-18,Colombia,Basic,True
U01329,2023-08-24,Colombia,Pro,True
U01330,2024-10-07,Mexico,Free,False
U01331,2024-09-04,USA,Free,True
U01332,2023-12-19,Spain,Free,False
U01333,2024-03-23,Mexico,Free,True
U01334,2023-08-22,Chile,Basic,False
U01335,2023-07-28,Chile,Free,True
U01336,2024-04-10,Colombia,Free,True
U01337,2024-03-20,Chile,Free,True
U01338,2023-12-02,Mexico,Basic,True
U01339,2024-02-27,Peru,Free,False
U01340,2024-06-16,Spain,Pro,True
U01341,2023-12-05,Argentina,Basic,True
U01342,2024-07-27,Mexico,Free,False
U01343,2024-02-01,Peru,Basic,True
U01344,2024-03-27,Chile,Basic,True
U01345,2024-08-12,Mexico,Free,False
U01346,2024-02-25,Argentina,Free,True
U01347,2023-11-26,Mexico,Free,True
U01348,2024-10-02,Mexico,Free,False
U01349,2023-08-12,Colombia,Free,True
U01350,2024-09-15,Argentina,Basic,True
U01351,2024-04-02,Chile,Free,False
U01352,2024-08-04,Argentina,Free,True
U01353,2024-01-16,Argentina,Free,False
U01354,2024-05-16,Argentina,Free,False
U01355,2023-07-13,Colombia,Free,False
U01356,2024-06-24,Chile,Free,True
U01357,2023-07-25,Chile,Basic,True
U01358,2024-02-08,Colombia,Pro,True
U01359,2023-10-31,Colombia,Free,True
U01360,2024-01-06,Argentina,Pro,True
U01361,2024-10-21,Chile,Basic,True
U01362,2024-04-09,Argentina,Basic,True
U01363,2024-05-27,Peru,Free,True
U01364,2023-09-02,Mexico,Free,True
U01365,2024-03-28,Chile,Free,False
U01366,2024-01-22,Chile,Basic,True
U01367,2023-11-25,Mexico,Free,False
U01368,2023-10-17,Argentina,Pro,True
U01369,2023-09-13,Argentina,Free,False
U01370,2023-07-20,Chile,Pro,True
U01371,2023-08-08,Chile,Basic,True
U01372,2024-08-04,Colombia,Basic,False
U01373,2024-11-14,Mexico,Free,False
U01374,2023-09-10,Chile,Free,False
U01375,2024-11-05,Colombia,Free,False
U01376,2024-06-06,Mexico,Basic,True
U01377,2023-10-01,Brazil,Free,True
U01378,2024-10-13,Chile,Basic,True
U01379,2023-08-10,Argentina,Pro,True
U01380,2024-08-03,Colombia,Pro,True
U01381,2023-09-25,Mexico,Pro,True
U01382,2023-08-06,Argentina,Free,False
U01383,2024-11-12,Peru,Free,False
U01384,2024-11-23,Peru,Free,True
U01385,2023-07-17,Chile,Free,False
U01386,2023-08-13,Chile,Free,False
U01387,2024-10-12,Brazil,Pro,True
U01388,2024-02-24,Chile,Pro,True
U01389,2023-07-20,Brazil,Free,True
U01390,2023-11-11,Colombia,Free,False
U01391,2023-10-08,Chile,Free,False
U01392,2023-10-17,Colombia,Free,False
U01393,2023-09-03,Mexico,Basic,False
U01394,2024-08-15,USA,Free,False
U01395,2023-11-18,Spain,Free,True
U01396,2023-08-16,Mexico,Basic,True
U01397,2023-11-22,Chile,Basic,True
U01398,2023-12-16,Spain,Free,True
U01399,2023-10-11,Colombia,Basic,True
U01400,2023-12-09,Mexico,Free,True
U01401,2023-12-31,Argentina,Pro,True
U01402,2024-04-16,Peru,Free,False
U01403,2023-11-07,Colombia,Free,False
U01404,2024-08-25,Chile,Free,False
U01405,2024-01-01,Colombia,Basic,True
U01406,2024-05-04,Chile,Free,True
U01407,2023-10-29,USA,Pro,True
U01408,2024-12-01,Peru,Free,False
U01409,2024-04-09,Chile,Free,True
U01410,2024-10-28,Chile,Free,False
U01411,2023-08-25,Chile,Basic,True
U01412,2024-06-07,Brazil,Basic,True
U01413,2023-10-15,Spain,Basic,True
U01414,2023-07-30,Chile,Free,False
U01415,2024-09-28,Mexico,Basic,True
U01416,2024-05-29,Chile,Free,True
U01417,2024-02-28,Brazil,Basic,True
U01418,2024-02-11,Colombia,Free,True
U01419,2024-09-19,Spain,Free,True
U01420,2024-07-31,Mexico,Free,True
U01421,2024-07-02,Chile,Pro,True
U01422,2023-08-31,Chile,Free,True
U01423,2024-09-01,Mexico,Free,False
U01424,2023-12-08,Colombia,Basic,True
U01425,2023-12-22,Colombia,Basic,True
U01426,2024-08-25,Mexico,Pro,False
U01427,2024-10-27,Chile,Basic,False
U01428,2024-03-09,Mexico,Free,True
U01429,2023-11-30,Brazil,Pro,True
U01430,2023-08-15,Mexico,Free,False
U01431,2023-08-04,Mexico,Free,False
U01432,2023-10-09,Chile,Free,False
U01433,2023-07-13,Mexico,Basic,True
U01434,2024-07-02,Colombia,Free,True
U01435,2024-11-03,Chile,Basic,True
U01436,2023-07-25,Mexico,Pro,True
U01437,2024-08-19,Brazil,Free,False
U01438,2023-07-02,Chile,Pro,False
U01439,2024-06-05,Chile,Free,False
U01440,2024-01-29,Chile,Basic,False
U01441,2023-08-26,Brazil,Free,True
U01442,2023-08-22,Mexico,Free,False
U01443,2024-07-09,Colombia,Free,False
U01444,2024-01-26,Mexico,Free,False
U01445,2024-11-01,Argentina,Basic,False
U01446,2024-01-31,Argentina,Basic,True
U01447,2024-03-30,Mexico,Free,True
U01448,2024-07-16,Mexico,Free,False
U01449,2023-11-03,Colombia,Free,False
U01450,2024-04-25,Mexico,Free,False
U01451,2023-09-06,Brazil,Free,True
U01452,2024-08-04,Chile,Pro,False
U01453,2023-10-20,Chile,Free,True
U01454,2023-12-02,Colombia,Pro,True
U01455,2024-04-26,Argentina,Free,False
U01456,2024-10-28,Mexico,Free,False
U01457,2024-04-24,Chile,Free,False
U01458,2024-06-08,Mexico,Free,False
U01459,2024-05-30,Argentina,Free,False
U01460,2024-09-28,Colombia,Free,False
U01461,2024-05-09,Chile,Free,True
U01462,2024-04-21,Chile,Basic,True
U01463,2024-10-09,Colombia,Pro,True
U01464,2024-04-18,Chile,Free,False
U01465,2023-12-05,Chile,Free,False
U01466,2023-11-07,Mexico,Free,True
U01467,2023-08-05,USA,Basic,True
U01468,2024-10-02,Chile,Free,True
U01469,2023-07-26,Mexico,Free,True
U01470,2024-10-12,Chile,Pro,False
U01471,2024-12-01,Argentina,Free,True
U01472,2024-04-22,Argentina,Pro,False
U01473,2023-11-28,Argentina,Basic,False
U01474,2024-06-11,Argentina,Basic,False
U01475,2023-11-20,Chile,Basic,True
U01476,2024-02-11,Chile,Free,True
U01477,2024-01-16,Chile,Basic,False
U01478,2024-04-10,Chile,Free,False
U01479,2023-09-28,Mexico,Pro,True
U01480,2023-08-27,Mexico,Pro,True
U01481,2024-09-10,Mexico,Free,True
U01482,2024-06-24,Mexico,Free,False
U01483,2024-02-06,Mexico,Basic,False
U01484,2024-09-26,Peru,Free,False
U01485,2024-09-07,Mexico,Basic,False
U01486,2023-09-27,Mexico,Free,False
U01487,2024-06-08,Spain,Free,False
U01488,2023-09-29,Colombia,Free,True
U01489,2023-12-27,Argentina,Basic,False
U01490,2023-11-18,Peru,Free,True
U01491,2024-11-14,Peru,Free,False
U01492,2024-05-07,Argentina,Free,True
U01493,2023-07-03,Mexico,Free,False
U01494,2024-10-26,Argentina,Free,True
U01495,2023-12-31,Argentina,Free,True
U01496,2023-10-31,Mexico,Basic,False
U01497,2024-07-05,Colombia,Basic,False
U01498,2024-10-30,Peru,Pro,True
U01499,2023-07-18,Chile,Basic,True
U01500,2024-05-23,Argentina,Free,True
U01501,2023-08-24,Mexico,Free,False
U01502,2024-06-29,Chile,Free,False
U01503,2023-09-17,Argentina,Free,True
U01504,2023-10-05,Chile,Basic,True
U01505,2024-05-19,Argentina,Basic,True
U01506,2024-07-06,Colombia,Free,False
U01507,2023-07-14,Chile,Free,False
U01508,2024-08-25,Brazil,Free,True
U01509,2023-12-06,Peru,Free,False
U01510,2023-10-25,Brazil,Free,True
U01511,2023-11-12,Mexico,Pro,True
U01512,2024-07-06,Mexico,Free,False
U01513,2024-06-15,Mexico,Free,False
U01514,2023-10-30,Brazil,Free,True
U01515,2024-02-18,Chile,Free,False
U01516,2024-09-08,Peru,Basic,True
U01517,2024-11-07,Chile,Basic,True
U01518,2023-08-30,Brazil,Free,True
U01519,2024-05-04,Argentina,Basic,False
U01520,2024-01-27,Chile,Basic,True
U01521,2023-07-30,Peru,Free,False
U01522,2024-06-21,Brazil,Free,False
U01523,2024-03-04,Chile,Free,False
U01524,2023-07-15,Argentina,Free,False
U01525,2023-12-23,Colombia,Pro,False
U01526,2023-10-10,Spain,Pro,True
U01527,2024-10-29,Colombia,Free,True
U01528,2023-10-18,Mexico,Free,True
U01529,2024-02-05,Mexico,Free,False
U01530,2024-05-17,Chile,Free,True
U01531,2024-07-04,Colombia,Basic,True
U01532,2024-05-31,Mexico,Free,True
U01533,2024-05-15,Peru,Basic,True
U01534,2024-08-21,Brazil,Free,True
U01535,2023-09-10,Peru,Pro,False
U01536,2024-07-11,USA,Free,True
U01537,2023-10-16,Colombia,Free,False
U01538,2023-10-31,Mexico,Free,False
U01539,2023-10-13,Brazil,Basic,True
U01540,2024-07-07,Mexico,Pro,True
U01541,2024-08-17,Peru,Free,False
U01542,2024-04-11,Argentina,Basic,True
U01543,2024-08-13,Argentina,Free,False
U01544,2024-11-08,Chile,Free,True
U01545,2023-11-03,Mexico,Free,False
U01546,2023-11-15,Argentina,Free,False
U01547,2024-11-22,USA,Basic,True
U01548,2024-05-30,Colombia,Free,True
U01549,2023-09-17,Colombia,Basic,True
U01550,2024-10-20,Argentina,Free,True
U01551,2024-03-24,Peru,Free,False
U01552,2023-07-19,Chile,Pro,True
U01553,2023-10-30,Mexico,Free,True
U01554,2024-10-13,Chile,Free,False
U01555,2024-05-06,Chile,Pro,True
U01556,2024-05-15,Mexico,Basic,True
U01557,2024-11-14,Argentina,Basic,True
U01558,2024-10-30,Chile,Basic,True
U01559,2024-03-26,USA,Free,False
U01560,2024-06-26,Chile,Basic,True
U01561,2023-08-16,Mexico,Free,False
U01562,2023-07-28,Colombia,Basic,True
U01563,2024-09-11,Mexico,Free,True
U01564,2024-03-07,Colombia,Free,False
U01565,2023-09-06,Chile,Pro,True
U01566,2024-05-29,Argentina,Free,True
U01567,2024-09-04,Argentina,Free,False
U01568,2024-05-20,Mexico,Free,False
U01569,2024-11-12,Argentina,Free,True
U01570,2024-11-26,Argentina,Basic,True
U01571,2024-05-02,Mexico,Free,True
U01572,2023-09-16,Colombia,Basic,True
U01573,2023-08-18,Colombia,Free,False
U01574,2023-10-03,Colombia,Basic,True
U01575,2024-04-05,Peru,Free,True
U01576,2024-01-31,Chile,Free,False
U01577,2024-11-28,Mexico,Basic,True
U01578,2024-01-21,Chile,Free,True
U01579,2024-01-01,Colombia,Pro,True
U01580,2024-01-08,Chile,Basic,False
U01581,2024-10-21,Colombia,Free,False
U01582,2024-09-17,Argentina,Pro,True
U01583,2024-01-22,Chile,Free,True
U01584,2024-05-03,Mexico,Basic,False
U01585,2023-09-04,Peru,Basic,True
U01586,2024-04-19,Chile,Basic,True
U01587,2024-08-19,Chile,Free,True
U01588,2024-05-13,Colombia,Free,True
U01589,2023-08-07,Chile,Free,True
U01590,2024-04-10,Chile,Basic,False
U01591,2024-11-09,Chile,Basic,False
U01592,2024-05-17,Brazil,Basic,False
U01593,2024-08-20,Argentina,Pro,False
U01594,2024-08-10,Argentina,Pro,True
U01595,2023-10-23,Colombia,Basic,True
U01596,2024-03-14,Chile,Free,False
U01597,2024-05-16,Colombia,Free,True
U01598,2024-02-27,Chile,Pro,True
U01599,2024-02-05,Mexico,Pro,True
U01600,2023-08-27,Mexico,Free,False
U01601,2024-05-20,Mexico,Free,True
U01602,2024-04-10,Spain,Pro,True
U01603,2024-07-11,Chile,Basic,False
U01604,2023-08-05,Argentina,Basic,False
U01605,2024-03-02,Mexico,Free,False
U01606,2024-07-06,Argentina,Pro,True
U01607,2024-02-28,Mexico,Pro,False
U01608,2024-08-06,Brazil,Pro,True
U01609,2024-02-27,Brazil,Free,True
U01610,2024-09-22,Brazil,Basic,False
U01611,2024-08-20,Chile,Basic,True
U01612,2024-11-15,Mexico,Free,False
U01613,2024-09-05,Peru,Pro,True
U01614,2024-03-24,Mexico,Free,False
U01615,2024-05-30,Chile,Free,True
U01616,2024-01-05,Peru,Basic,True
U01617,2024-08-14,Mexico,Free,False
U01618,2023-10-22,Colombia,Free,False
U01619,2023-11-11,Argentina,Basic,False
U01620,2024-05-23,Brazil,Free,True
U01621,2023-12-25,Peru,Basic,False
U01622,2024-01-20,Mexico,Free,True
U01623,2024-07-21,Brazil,Pro,True
U01624,2023-07-24,Colombia,Pro,True
U01625,2023-09-30,Chile,Pro,True
U01626,2023-12-20,Colombia,Free,False
U01627,2023-11-30,Mexico,Free,False
U01628,2023-10-29,Colombia,Free,False
U01629,2024-10-07,Mexico,Basic,True
U01630,2024-01-25,Brazil,Free,False
U01631,2024-04-20,Mexico,Basic,True
U01632,2024-01-28,USA,Basic,True
U01633,2024-01-10,Mexico,Free,True
U01634,2024-04-23,Chile,Pro,True
U01635,2024-03-11,Argentina,Free,True
U01636,2023-07-11,Brazil,Free,False
U01637,2024-08-11,Argentina,Basic,True
U01638,2024-03-19,Colombia,Free,True
U01639,2024-02-26,Mexico,Free,False
U01640,2023-08-16,Colombia,Free,True
U01641,2024-08-08,Chile,Basic,False
U01642,2023-08-12,Chile,Basic,True
U01643,2024-06-12,Chile,Pro,True
U01644,2024-09-16,Chile,Free,True
U01645,2023-11-08,USA,Free,True
U01646,2024-07-04,Chile,Pro,True
U01647,2024-03-27,Mexico,Free,True
U01648,2024-11-15,Chile,Basic,False
U01649,2024-09-23,Chile,Free,True
U01650,2023-08-06,Chile,Free,True
U01651,2023-10-27,Spain,Pro,True
U01652,2024-06-30,Colombia,Pro,True
U01653,2023-10-24,Brazil,Basic,True
U01654,2023-10-04,Chile,Free,False
U01655,2024-04-05,Argentina,Basic,True
U01656,2023-07-05,Colombia,Free,True
U01657,2023-09-17,Mexico,Free,True
U01658,2024-06-01,Argentina,Free,False
U01659,2024-08-07,Spain,Free,True
U01660,2024-05-27,Chile,Free,False
U01661,2024-11-03,Spain,Free,False
U01662,2023-07-06,Chile,Free,False
U01663,2024-10-06,Argentina,Free,False
U01664,2023-11-10,Chile,Free,False
U01665,2024-05-26,Argentina,Basic,True
U01666,2024-07-25,Chile,Free,True
U01667,2024-08-12,Brazil,Free,True
U01668,2024-08-16,Argentina,Free,False
U01669,2023-11-01,Peru,Free,False
U01670,2024-05-13,Colombia,Pro,True
U01671,2023-10-07,Colombia,Basic,True
U01672,2024-08-01,Colombia,Free,True
U01673,2024-09-05,Colombia,Basic,True
U01674,2024-09-09,Colombia,Free,False
U01675,2024-02-15,Argentina,Basic,False
U01676,2023-09-24,Mexico,Free,False
U01677,2024-11-01,USA,Free,False
U01678,2024-05-03,Colombia,Basic,True
U01679,2023-08-18,Brazil,Basic,True
U01680,2024-09-08,Mexico,Free,False
U01681,2024-03-16,Colombia,Free,False
U01682,2023-07-17,Argentina,Free,True
U01683,2024-01-03,Chile,Basic,True
U01684,2024-04-30,Argentina,Free,False
U01685,2024-10-03,Chile,Basic,False
U01686,2024-01-08,Chile,Free,False
U01687,2024-03-22,Chile,Pro,True
U01688,2023-07-06,Chile,Free,False
U01689,2024-10-14,Brazil,Basic,False
U01690,2024-11-10,Peru,Free,False
U01691,2024-08-08,Chile,Basic,True
U01692,2024-01-12,Chile,Free,False
U01693,2023-07-28,Colombia,Free,False
U01694,2024-09-19,Brazil,Basic,True
U01695,2023-09-27,Mexico,Free,True
U01696,2023-07-23,Brazil,Free,False
U01697,2024-09-28,Mexico,Pro,True
U01698,2024-03-05,Colombia,Free,False
U01699,2023-08-22,Chile,Free,False
U01700,2024-09-15,Peru,Pro,True
U01701,2024-04-23,Mexico,Free,True
U01702,2024-11-11,Chile,Free,True
U01703,2024-05-19,Chile,Basic,True
U01704,2024-10-27,Colombia,Free,False
U01705,2024-10-02,Chile,Basic,True
U01706,2024-01-13,Mexico,Free,True
U01707,2024-06-12,Brazil,Pro,True
U01708,2024-10-22,Chile,Free,False
U01709,2024-08-30,Argentina,Basic,False
U01710,2024-10-26,Peru,Basic,True
U01711,2024-04-15,Chile,Basic,True
U01712,2023-12-25,Colombia,Free,True
U01713,2024-08-29,Mexico,Pro,True
U01714,2023-08-18,Mexico,Pro,True
U01715,2023-12-10,Brazil,Free,True
U01716,2023-09-04,Chile,Free,True
U01717,2024-02-15,USA,Free,False
U01718,2023-08-17,Colombia,Basic,False
U01719,2023-10-15,Spain,Basic,True
U01720,2024-10-11,Argentina,Pro,False
U01721,2023-10-13,Chile,Basic,True
U01722,2023-10-29,Brazil,Pro,True
U01723,2024-04-25,Argentina,Basic,True
U01724,2023-10-10,Mexico,Free,False
U01725,2023-11-03,Mexico,Basic,True
U01726,2023-07-07,Peru,Free,True
U01727,2024-11-29,Chile,Free,False
U01728,2024-08-28,Argentina,Free,True
U01729,2024-09-04,Chile,Basic,True
U01730,2024-08-23,Spain,Pro,True
U01731,2024-07-05,Mexico,Pro,True
U01732,2023-09-10,Mexico,Free,False
U01733,2023-12-16,Mexico,Free,True
U01734,2023-12-02,Chile,Pro,True
U01735,2024-04-28,Brazil,Free,False
U01736,2024-05-07,Mexico,Basic,True
U01737,2024-04-12,Colombia,Pro,True
U01738,2024-08-17,Chile,Free,False
U01739,2024-09-25,Brazil,Basic,False
U01740,2024-08-18,Brazil,Basic,True
U01741,2024-06-07,Argentina,Free,False
U01742,2024-04-16,Colombia,Free,True
U01743,2024-06-13,Chile,Basic,True
U01744,2024-03-21,Peru,Free,False
U01745,2024-11-29,Chile,Free,True
U01746,2024-12-01,Chile,Free,False
U01747,2023-11-05,Colombia,Free,True
U01748,2024-06-12,Peru,Pro,False
U01749,2024-02-25,Chile,Free,False
U01750,2023-11-21,Colombia,Basic,True
U01751,2024-05-31,Chile,Free,False
U01752,2024-10-08,Argentina,Free,False
U01753,2023-09-22,Mexico,Free,True
U01754,2024-02-05,Mexico,Free,False
U01755,2024-08-08,Colombia,Pro,True
U01756,2024-09-23,Spain,Basic,False
U01757,2024-08-30,Chile,Basic,True
U01758,2024-10-11,Argentina,Free,False
U01759,2023-10-29,Mexico,Basic,True
U01760,2023-12-08,Mexico,Pro,False
U01761,2024-08-22,Mexico,Free,True
U01762,2023-12-04,Mexico,Free,True
U01763,2024-04-27,Peru,Free,True
U01764,2024-09-04,Brazil,Free,False
U01765,2024-02-06,Argentina,Free,True
U01766,2024-06-22,Chile,Free,True
U01767,2024-05-13,Brazil,Basic,False
U01768,2024-10-29,Peru,Basic,True
U01769,2023-11-19,Mexico,Free,True
U01770,2024-10-02,Argentina,Free,True
U01771,2024-08-23,Brazil,Free,True
U01772,2023-08-16,Brazil,Pro,True
U01773,2023-09-29,Argentina,Pro,True
U01774,2024-05-12,Chile,Basic,True
U01775,2024-01-14,Colombia,Pro,True
U01776,2024-01-10,Colombia,Basic,True
U01777,2024-01-01,Chile,Pro,True
U01778,2024-09-27,Colombia,Free,True
U01779,2023-08-16,Spain,Free,True
U01780,2024-01-01,Brazil,Free,True
U01781,2024-03-20,USA,Free,False
U01782,2024-04-18,Chile,Free,True
U01783,2024-05-10,Argentina,Pro,True
U01784,2024-05-29,Argentina,Free,True
U01785,2023-10-10,Mexico,Free,True
U01786,2024-07-19,Brazil,Pro,True
U01787,2024-03-02,Colombia,Basic,True
U01788,2024-11-28,Chile,Free,True
U01789,2024-10-18,Chile,Basic,True
U01790,2024-02-25,Chile,Pro,True
U01791,2023-10-12,Colombia,Free,False
U01792,2024-05-07,Mexico,Basic,False
U01793,2024-11-24,Spain,Free,True
U01794,2023-12-20,Colombia,Basic,True
U01795,2024-10-05,Peru,Free,False
U01796,2024-04-22,Chile,Basic,True
U01797,2024-11-05,Chile,Free,False
U01798,2024-06-24,Chile,Basic,False
U01799,2024-04-14,Argentina,Free,False
U01800,2024-05-03,Argentina,Free,False
U01801,2024-04-12,Chile,Pro,True
U01802,2024-05-21,Spain,Pro,True
U01803,2024-10-06,Argentina,Free,True
U01804,2024-02-01,Colombia,Free,True
U01805,2023-11-14,Chile,Basic,True
U01806,2023-07-10,Mexico,Basic,False
U01807,2024-11-12,Colombia,Basic,False
U01808,2023-09-18,Brazil,Free,False
U01809,2024-09-28,Mexico,Basic,False
U01810,2024-07-01,Peru,Free,False
U01811,2023-07-09,Mexico,Free,True
U01812,2023-07-10,Chile,Free,True
U01813,2024-07-01,Peru,Free,False
U01814,2024-02-12,Mexico,Free,True
U01815,2024-04-13,Argentina,Free,False
U01816,2023-07-08,Peru,Free,True
U01817,2024-04-10,Mexico,Basic,True
U01818,2023-12-27,Chile,Free,True
U01819,2024-03-22,Brazil,Pro,False
U01820,2024-04-06,Argentina,Free,False
U01821,2024-03-15,Brazil,Basic,True
U01822,2024-09-10,Spain,Basic,True
U01823,2024-05-26,USA,Free,True
U01824,2024-10-20,Colombia,Free,True
U01825,2024-02-15,Brazil,Free,False
U01826,2024-05-19,Chile,Free,True
U01827,2023-07-26,Chile,Pro,True
U01828,2023-09-15,Chile,Pro,True
U01829,2023-09-03,Chile,Basic,True
U01830,2023-07-25,Colombia,Basic,True
U01831,2024-03-13,Mexico,Free,False
U01832,2023-08-25,Colombia,Basic,True
U01833,2023-09-13,Colombia,Basic,False
U01834,2024-09-30,Chile,Basic,True
U01835,2023-08-04,Brazil,Free,False
U01836,2023-11-08,Peru,Free,True
U01837,2024-09-15,Argentina,Free,False
U01838,2024-04-27,Mexico,Basic,True
U01839,2024-08-24,Colombia,Free,False
U01840,2023-07-11,Mexico,Free,True
U01841,2023-10-12,Spain,Free,False
U01842,2024-10-07,Colombia,Free,True
U01843,2023-07-13,Chile,Basic,False
U01844,2024-01-15,Chile,Pro,True
U01845,2024-06-28,Argentina,Free,True
U01846,2024-03-05,Chile,Free,True
U01847,2024-09-19,Argentina,Free,True
U01848,2023-11-27,Mexico,Free,True
U01849,2024-07-12,Colombia,Pro,True
U01850,2023-11-26,Colombia,Free,False
U01851,2023-08-25,Chile,Free,True
U01852,2024-01-23,Mexico,Basic,True
U01853,2024-10-21,Mexico,Basic,True
U01854,2024-06-08,Mexico,Basic,True
U01855,2024-10-08,Brazil,Pro,True
U01856,2023-07-04,Argentina,Basic,True
U01857,2024-02-04,Argentina,Free,False
U01858,2024-06-04,Mexico,Basic,True
U01859,2023-07-07,Chile,Free,True
U01860,2023-10-26,Mexico,Free,False
U01861,2024-07-03,Chile,Free,True
U01862,2023-12-26,Chile,Free,True
U01863,2024-03-08,Chile,Free,False
U01864,2023-10-12,Argentina,Free,True
U01865,2023-10-22,Chile,Free,True
U01866,2024-07-13,Argentina,Basic,False
U01867,2024-09-17,Chile,Pro,True
U01868,2023-11-11,Chile,Basic,True
U01869,2024-07-18,Mexico,Free,False
U01870,2023-08-17,Colombia,Basic,False
U01871,2024-04-27,Mexico,Basic,True
U01872,2024-04-12,Brazil,Pro,False
U01873,2024-11-12,Chile,Free,True
U01874,2023-09-05,Mexico,Free,False
U01875,2024-07-18,Mexico,Free,True
U01876,2024-07-17,Mexico,Free,False
U01877,2024-10-28,Mexico,Free,False
U01878,2023-08-07,Brazil,Free,True
U01879,2024-02-26,Mexico,Free,False
U01880,2023-12-08,Mexico,Pro,True
U01881,2023-11-15,Chile,Basic,True
U01882,2024-02-21,Mexico,Basic,True
U01883,2024-09-09,Mexico,Free,True
U01884,2024-11-21,Mexico,Free,True
U01885,2024-02-25,Chile,Free,False
U01886,2024-04-27,Colombia,Basic,True
U01887,2024-04-09,Chile,Pro,True
U01888,2023-08-09,Mexico,Free,False
U01889,2024-03-13,Peru,Free,False
U01890,2024-04-07,Colombia,Free,True
U01891,2024-03-24,Chile,Free,False
U01892,2024-08-17,Peru,Pro,True
U01893,2023-07-13,Colombia,Free,False
U01894,2023-11-30,Chile,Pro,True
U01895,2024-01-31,Colombia,Free,False
U01896,2024-10-22,Mexico,Basic,False
U01897,2024-05-16,Mexico,Basic,False
U01898,2024-08-31,Mexico,Free,False
U01899,2024-07-18,Brazil,Free,True
U01900,2023-07-10,Argentina,Free,True
U01901,2024-02-16,Argentina,Free,True
U01902,2024-05-02,Chile,Free,False
U01903,2023-11-20,Spain,Free,True
U01904,2024-08-04,Chile,Pro,True
U01905,2024-07-30,Chile,Free,False
U01906,2024-10-05,Mexico,Basic,True
U01907,2023-12-29,Argentina,Free,True
U01908,2024-01-08,Brazil,Free,True
U01909,2024-01-27,Argentina,Free,True
U01910,2023-08-28,Chile,Free,True
U01911,2024-08-24,USA,Free,True
U01912,2024-09-01,Chile,Free,False
U01913,2024-01-28,Chile,Free,True
U01914,2024-10-29,Colombia,Free,True
U01915,2024-01-24,Argentina,Free,True
U01916,2023-07-08,Mexico,Pro,True
U01917,2024-03-09,Brazil,Free,False
U01918,2024-10-14,Chile,Free,True
U01919,2024-10-10,Peru,Free,False
U01920,2024-08-04,Peru,Basic,True
U01921,2024-03-12,Colombia,Free,True
U01922,2024-07-28,Chile,Pro,True
U01923,2024-08-06,Chile,Basic,False
U01924,2023-12-09,Colombia,Free,True
U01925,2023-09-07,Argentina,Basic,True
U01926,2024-11-17,Argentina,Free,True
U01927,2024-07-12,Chile,Free,False
U01928,2024-05-29,Chile,Free,True
U01929,2023-08-15,Chile,Free,False
U01930,2024-10-15,Argentina,Free,False
U01931,2024-08-10,Chile,Free,False
U01932,2023-11-17,Argentina,Free,True
U01933,2023-09-08,Argentina,Free,False
U01934,2024-09-21,Peru,Free,False
U01935,2023-12-22,Colombia,Basic,True
U01936,2023-11-05,Mexico,Free,True
U01937,2023-07-12,Chile,Basic,True
U01938,2024-02-07,Brazil,Basic,True
U01939,2024-09-25,Peru,Basic,False
U01940,2023-10-14,Mexico,Free,True
U01941,2023-07-05,Mexico,Free,True
U01942,2024-03-12,Chile,Free,True
U01943,2024-09-04,Chile,Free,False
U01944,2023-09-03,Brazil,Free,False
U01945,2023-12-19,Chile,Basic,True
U01946,2024-05-30,Colombia,Free,False
U01947,2024-08-08,Chile,Pro,True
U01948,2024-06-30,Chile,Free,False
U01949,2023-07-13,Mexico,Free,True
U01950,2024-04-11,Mexico,Basic,True
U01951,2024-02-09,Argentina,Free,True
U01952,2023-10-13,Peru,Basic,False
U01953,2023-12-23,Chile,Free,True
U01954,2024-08-01,USA,Basic,True
U01955,2024-06-05,Argentina,Free,False
U01956,2024-11-05,Chile,Free,False
U01957,2024-10-02,Colombia,Free,True
U01958,2023-07-14,Colombia,Free,False
U01959,2024-05-12,Mexico,Free,True
U01960,2023-09-20,Mexico,Free,True
U01961,2023-12-03,Colombia,Free,True
U01962,2024-09-27,Mexico,Basic,True
U01963,2023-08-10,USA,Free,False
U01964,2024-04-21,Chile,Basic,False
U01965,2024-06-15,Colombia,Free,False
U01966,2024-03-11,Argentina,Basic,True
U01967,2024-07-25,Chile,Free,False
U01968,2023-09-05,Chile,Pro,True
U01969,2023-11-22,Chile,Pro,True
U01970,2024-01-26,Chile,Free,False
U01971,2024-05-14,Chile,Free,True
U01972,2024-03-11,Colombia,Free,False
U01973,2024-01-23,Peru,Free,True
U01974,2024-07-03,Chile,Free,True
U01975,2024-11-29,Mexico,Basic,True
U01976,2024-11-05,Mexico,Free,False
U01977,2024-05-03,Chile,Basic,False
U01978,2024-03-20,Mexico,Free,True
U01979,2024-11-04,Chile,Free,True
U01980,2023-12-06,Chile,Pro,True
U01981,2024-07-18,Spain,Free,False
U01982,2024-07-17,Mexico,Free,False
U01983,2023-09-11,Chile,Free,False
U01984,2024-07-29,Chile,Pro,True
U01985,2024-03-18,Argentina,Basic,True
U01986,2024-11-12,Mexico,Basic,True
U01987,2024-07-29,Argentina,Pro,True
U01988,2023-08-05,Mexico,Pro,True
U01989,2023-07-29,Colombia,Basic,True
U01990,2024-10-09,Chile,Pro,True
U01991,2023-12-13,Peru,Free,False
U01992,2024-07-28,Colombia,Free,False
U01993,2024-01-10,Chile,Pro,True
U01994,2024-05-05,Colombia,Free,False
U01995,2024-05-11,Argentina,Basic,False
U01996,2023-09-30,Colombia,Free,False
U01997,2023-11-24,Chile,Free,False
U01998,2024-05-11,Chile,Free,True
U01999,2023-10-08,Argentina,Free,False
U02000,2024-04-21,Chile,Basic,True
U02001,2023-11-15,Chile,Free,False
U02002,2024-10-04,Chile,Basic,True
U02003,2024-01-04,Chile,Basic,False
U02004,2024-08-22,Brazil,Free,True
U02005,2023-12-18,Chile,Free,True
U02006,2023-09-04,Colombia,Free,True
U02007,2023-10-12,Chile,Free,False
U02008,2023-08-12,Colombia,Free,True
U02009,2024-03-29,Mexico,Pro,True
U02010,2024-09-12,Argentina,Free,True
U02011,2024-05-18,Spain,Basic,True
U02012,2024-07-22,USA,Basic,False
U02013,2023-10-11,Brazil,Free,True
U02014,2023-11-20,Chile,Free,False
U02015,2024-03-11,Colombia,Free,False
U02016,2024-10-29,Argentina,Free,True
U02017,2024-05-25,Mexico,Free,True
U02018,2024-05-29,Chile,Basic,True
U02019,2023-09-22,Spain,Free,False
U02020,2024-10-30,Brazil,Pro,False
U02021,2024-07-29,Chile,Free,True
U02022,2024-11-28,Mexico,Free,True
U02023,2024-10-21,Mexico,Free,True
U02024,2024-03-03,Chile,Free,False
U02025,2023-09-30,USA,Free,True
U02026,2024-05-30,Argentina,Pro,True
U02027,2024-03-20,Spain,Basic,True
U02028,2023-11-17,Colombia,Pro,True
U02029,2024-06-05,Spain,Pro,True
U02030,2023-09-05,Mexico,Basic,False
U02031,2024-07-25,Peru,Basic,False
U02032,2024-09-20,Chile,Basic,True
U02033,2023-09-28,Mexico,Free,False
U02034,2024-01-09,Chile,Basic,True
U02035,2024-05-16,Colombia,Pro,True
U02036,2023-09-02,Chile,Basic,True
U02037,2024-09-06,Mexico,Free,False
U02038,2023-11-07,Colombia,Free,True
U02039,2024-08-08,Brazil,Free,True
U02040,2024-04-29,Mexico,Basic,True
U02041,2024-04-16,Argentina,Free,False
U02042,2023-08-05,Mexico,Basic,False
U02043,2023-11-04,Peru,Free,False
U02044,2024-02-06,Argentina,Free,True
U02045,2024-06-06,Argentina,Free,False
U02046,2024-02-16,Chile,Basic,False
U02047,2023-12-31,Argentina,Pro,True
U02048,2023-12-11,Colombia,Pro,True
U02049,2024-10-27,Argentina,Pro,True
U02050,2024-04-15,Spain,Free,False
U02051,2024-08-07,Mexico,Free,False
U02052,2023-08-25,Argentina,Basic,True
U02053,2023-12-15,Mexico,Basic,True
U02054,2023-11-26,Peru,Free,True
U02055,2023-07-10,Brazil,Free,True
U02056,2023-11-29,USA,Free,False
U02057,2023-12-20,Chile,Pro,False
U02058,2023-12-31,Chile,Pro,True
U02059,2024-06-11,Spain,Basic,True
U02060,2024-08-17,Chile,Free,True
U02061,2024-05-05,Spain,Basic,True
U02062,2024-07-19,USA,Basic,True
U02063,2023-09-30,Brazil,Basic,True
U02064,2024-04-07,Mexico,Basic,True
U02065,2023-10-28,Mexico,Free,False
U02066,2024-02-16,Colombia,Free,False
U02067,2024-04-06,Chile,Basic,True
U02068,2024-07-28,Colombia,Free,True
U02069,2023-11-06,Chile,Free,False
U02070,2024-01-06,Argentina,Free,True
U02071,2024-11-12,Peru,Free,False
U02072,2023-11-05,Chile,Basic,True
U02073,2023-10-29,Colombia,Free,True
U02074,2024-09-30,Chile,Basic,True
U02075,2024-01-28,Chile,Basic,True
U02076,2023-08-05,Chile,Free,True
U02077,2023-12-23,Spain,Free,True
U02078,2024-05-03,Spain,Free,False
U02079,2024-04-26,Mexico,Basic,True
U02080,2024-05-16,USA,Free,True
U02081,2024-01-31,Argentina,Basic,True
U02082,2023-08-07,Chile,Free,False
U02083,2023-11-15,Chile,Basic,True
U02084,2023-11-09,Mexico,Basic,True
U02085,2024-03-23,Brazil,Free,True
U02086,2023-09-24,Argentina,Pro,False
U02087,2023-11-24,Chile,Free,False
U02088,2024-01-14,Colombia,Basic,True
U02089,2023-12-15,Chile,Free,False
U02090,2024-09-17,Spain,Free,True
U02091,2024-04-02,Chile,Free,False
U02092,2023-09-06,Chile,Free,False
U02093,2024-04-05,Peru,Free,True
U02094,2023-10-09,Spain,Free,True
U02095,2023-10-16,Chile,Basic,True
U02096,2024-05-09,Peru,Basic,True
U02097,2024-06-22,Brazil,Basic,True
U02098,2023-10-10,Chile,Pro,False
U02099,2024-08-02,Peru,Free,False
U02100,2024-08-16,Chile,Free,True
U02101,2023-12-07,Chile,Basic,True
U02102,2024-03-30,Argentina,Free,False
U02103,2024-03-12,Mexico,Basic,True
U02104,2024-09-22,Peru,Pro,True
U02105,2024-04-08,Colombia,Pro,True
U02106,2024-02-20,Brazil,Free,False
U02107,2024-08-20,Peru,Basic,True
U02108,2023-09-17,Spain,Basic,True
U02109,2023-08-28,Chile,Free,False
U02110,2023-07-11,Mexico,Pro,True
U02111,2023-11-17,Colombia,Free,False
U02112,2023-11-05,Colombia,Free,False
U02113,2023-07-08,Argentina,Basic,False
U02114,2024-03-07,Argentina,Pro,False
U02115,2023-08-13,Spain,Basic,True
U02116,2024-02-16,Mexico,Free,True
U02117,2024-06-26,Mexico,Pro,True
U02118,2024-07-17,Mexico,Pro,True
U02119,2023-10-29,Mexico,Free,True
U02120,2023-07-03,Colombia,Basic,True
U02121,2024-05-08,Spain,Pro,True
U02122,2023-08-06,Brazil,Pro,True
U02123,2023-08-28,Colombia,Free,True
U02124,2024-06-27,Mexico,Free,False
U02125,2024-08-15,Chile,Free,True
U02126,2023-09-25,Brazil,Free,True
U02127,2024-11-11,Argentina,Free,True
U02128,2024-10-24,Chile,Free,True
U02129,2024-01-03,Chile,Free,False
U02130,2024-09-22,Mexico,Free,True
U02131,2024-07-02,Argentina,Pro,True
U02132,2024-04-17,Mexico,Free,False
U02133,2023-08-02,Chile,Free,True
U02134,2024-03-29,Mexico,Free,True
U02135,2023-11-08,Argentina,Free,False
U02136,2024-11-25,Argentina,Basic,False
U02137,2023-11-12,Chile,Free,True
U02138,2023-12-07,Chile,Free,False
U02139,2023-08-23,Mexico,Basic,False
U02140,2023-07-09,Chile,Free,True
U02141,2024-09-12,Chile,Free,True
U02142,2024-03-12,Chile,Free,True
U02143,2024-03-10,Mexico,Basic,True
U02144,2023-10-14,Colombia,Basic,True
U02145,2023-11-30,Chile,Free,True
U02146,2024-01-13,Mexico,Pro,True
U02147,2023-10-02,Mexico,Pro,True
U02148,2024-02-22,Mexico,Free,True
U02149,2024-09-10,Mexico,Basic,True
U02150,2024-04-13,Argentina,Pro,True
U02151,2023-08-18,Chile,Free,False
U02152,2024-05-25,Mexico,Free,False
U02153,2023-10-12,Chile,Free,True
U02154,2024-06-07,Chile,Free,True
U02155,2023-11-11,Argentina,Free,True
U02156,2024-07-15,Chile,Free,False
U02157,2023-09-28,Chile,Pro,True
U02158,2023-11-01,Spain,Free,False
U02159,2024-01-12,Mexico,Free,True
U02160,2024-06-16,Mexico,Free,False
U02161,2023-12-05,Chile,Free,False
U02162,2024-03-15,Argentina,Pro,True
U02163,2024-06-20,Mexico,Pro,True
U02164,2024-09-19,Mexico,Free,False
U02165,2024-11-27,Chile,Basic,True
U02166,2023-11-10,Spain,Free,True
U02167,2024-01-11,Mexico,Basic,True
U02168,2023-09-15,Argentina,Free,True
U02169,2024-08-03,Chile,Free,True
U02170,2023-12-11,Colombia,Basic,True
U02171,2024-10-09,Argentina,Free,True
U02172,2024-02-11,Chile,Free,True
U02173,2024-02-15,Chile,Free,True
U02174,2023-11-29,Chile,Pro,True
U02175,2023-08-22,Chile,Basic,False
U02176,2023-10-27,Mexico,Free,False
U02177,2024-07-12,Spain,Free,False
U02178,2024-03-27,Mexico,Basic,True
U02179,2024-05-28,Colombia,Pro,True
U02180,2024-06-29,Spain,Free,True
U02181,2023-07-17,USA,Free,False
U02182,2023-10-17,Argentina,Basic,False
U02183,2024-03-20,Colombia,Pro,True
U02184,2024-09-25,Chile,Free,False
U02185,2024-08-08,Chile,Free,False
U02186,2024-07-12,Mexico,Free,True
U02187,2024-10-13,Brazil,Free,True
U02188,2024-11-14,Chile,Pro,True
U02189,2024-05-13,Chile,Free,True
U02190,2024-01-09,Chile,Free,True
U02191,2024-08-16,Colombia,Free,False
U02192,2023-07-13,Mexico,Basic,True
U02193,2023-07-14,Colombia,Basic,True
U02194,2024-03-11,Chile,Basic,False
U02195,2023-07-14,Chile,Basic,False
U02196,2024-06-11,Chile,Pro,True
U02197,2024-09-27,Mexico,Basic,True
U02198,2024-03-06,Argentina,Free,False
U02199,2023-11-04,Chile,Free,False
U02200,2023-10-14,Peru,Free,True
U02201,2024-02-15,Mexico,Free,True
U02202,2024-04-19,Brazil,Free,True
U02203,2023-10-24,USA,Free,True
U02204,2024-04-14,Colombia,Free,True
U02205,2023-09-25,Colombia,Pro,True
U02206,2024-06-07,Argentina,Basic,True
U02207,2024-05-04,Chile,Basic,False
U02208,2024-04-03,Argentina,Pro,False
U02209,2023-09-17,Brazil,Basic,False
U02210,2023-11-28,Mexico,Free,False
U02211,2024-11-01,Chile,Basic,True
U02212,2024-04-11,Mexico,Free,True
U02213,2024-07-29,Mexico,Free,True
U02214,2024-08-27,Colombia,Basic,True
U02215,2024-03-08,Colombia,Free,False
U02216,2024-11-16,Peru,Free,True
U02217,2024-09-04,Peru,Free,False
U02218,2024-02-10,Chile,Basic,True
U02219,2023-07-18,Mexico,Free,True
U02220,2023-10-21,Mexico,Free,False
U02221,2023-11-20,Chile,Free,False
U02222,2024-09-04,Peru,Free,True
U02223,2023-11-19,Argentina,Free,True
U02224,2023-07-27,Mexico,Basic,True
U02225,2023-10-17,Chile,Basic,False
U02226,2023-12-09,Mexico,Free,True
U02227,2023-09-17,Peru,Free,True
U02228,2024-01-03,Chile,Free,False
U02229,2024-05-02,Argentina,Free,True
U02230,2023-07-14,Chile,Free,False
U02231,2023-08-02,Chile,Basic,True
U02232,2024-08-09,Argentina,Basic,False
U02233,2024-03-21,Colombia,Pro,True
U02234,2024-09-06,Chile,Pro,True
U02235,2024-07-21,Chile,Pro,True
U02236,2023-08-27,Chile,Free,False
U02237,2023-09-18,Mexico,Basic,True
U02238,2024-08-18,Chile,Basic,False
U02239,2024-09-07,Chile,Free,True
U02240,2024-06-08,Chile,Free,False
U02241,2023-09-05,Chile,Free,False
U02242,2024-01-09,Colombia,Basic,True
U02243,2024-04-01,Colombia,Free,True
U02244,2024-11-07,Mexico,Free,False
U02245,2023-07-09,Argentina,Pro,False
U02246,2024-11-24,Argentina,Free,False
U02247,2023-11-10,Chile,Basic,True
U02248,2024-11-27,Peru,Free,True
U02249,2024-07-26,Brazil,Free,True
U02250,2023-12-13,Mexico,Free,False
U02251,2023-10-04,Chile,Pro,True
U02252,2023-11-22,Chile,Basic,False
U02253,2024-06-14,Chile,Free,True
U02254,2024-09-14,Argentina,Free,False
U02255,2024-03-01,Colombia,Free,True
U02256,2023-12-04,USA,Basic,True
U02257,2023-07-16,Brazil,Free,False
U02258,2023-09-28,Mexico,Free,True
U02259,2024-04-28,Chile,Free,True
U02260,2023-09-30,Argentina,Free,True
U02261,2024-10-27,Argentina,Pro,True
U02262,2023-11-21,USA,Pro,True
U02263,2024-07-07,Mexico,Pro,True
U02264,2023-11-10,Colombia,Free,False
U02265,2024-05-17,Argentina,Free,True
U02266,2024-03-26,USA,Pro,True
U02267,2023-08-28,Chile,Basic,False
U02268,2023-07-09,Chile,Free,True
U02269,2024-08-12,Chile,Pro,True
U02270,2023-10-04,Mexico,Free,False
U02271,2024-10-19,Chile,Free,True
U02272,2024-08-10,Chile,Basic,True
U02273,2024-05-20,Colombia,Free,True
U02274,2024-10-30,Mexico,Free,False
U02275,2024-10-24,Chile,Free,False
U02276,2024-07-24,Peru,Free,False
U02277,2024-10-27,Chile,Free,True
U02278,2024-09-06,Colombia,Free,True
U02279,2023-09-09,Chile,Free,False
U02280,2024-10-05,Colombia,Pro,True
U02281,2024-03-22,Chile,Free,False
U02282,2024-09-11,Argentina,Free,True
U02283,2024-06-22,Mexico,Pro,True
U02284,2023-12-12,Mexico,Pro,False
U02285,2024-08-02,Colombia,Basic,False
U02286,2024-01-20,Argentina,Free,False
U02287,2024-05-27,Peru,Basic,False
U02288,2024-05-20,Brazil,Free,False
U02289,2024-11-23,Chile,Pro,False
U02290,2024-08-20,Argentina,Free,False
U02291,2023-11-06,Colombia,Basic,True
U02292,2023-08-07,USA,Free,True
U02293,2023-12-18,Chile,Basic,True
U02294,2024-01-12,Colombia,Pro,True
U02295,2024-07-07,Brazil,Free,True
U02296,2023-11-05,Colombia,Basic,True
U02297,2024-08-24,Peru,Free,True
U02298,2024-06-08,Chile,Free,True
U02299,2023-12-29,Chile,Basic,True
U02300,2024-04-17,Argentina,Basic,True
U02301,2024-04-16,Spain,Basic,False
U02302,2023-10-10,Peru,Pro,True
U02303,2023-07-17,Mexico,Basic,True
U02304,2023-10-11,Colombia,Basic,False
U02305,2024-04-22,Chile,Pro,True
U02306,2024-07-25,Brazil,Free,False
U02307,2024-06-24,Brazil,Pro,True
U02308,2024-08-09,Mexico,Free,True
U02309,2024-04-16,Argentina,Free,True
U02310,2024-08-28,Chile,Basic,False
U02311,2023-08-03,Chile,Free,True
U02312,2024-05-21,Spain,Free,False
U02313,2024-03-04,Mexico,Basic,True
U02314,2024-08-06,Peru,Basic,True
U02315,2023-11-09,Mexico,Pro,True
U02316,2024-08-16,Colombia,Pro,True
U02317,2023-10-10,Chile,Basic,True
U02318,2024-08-05,Colombia,Basic,True
U02319,2023-12-10,Chile,Pro,True
U02320,2024-09-20,Peru,Free,True
U02321,2023-09-19,Chile,Basic,False
U02322,2024-10-07,Peru,Basic,True
U02323,2024-02-13,Colombia,Free,True
U02324,2024-07-22,Argentina,Basic,True
U02325,2023-11-25,Colombia,Basic,True
U02326,2023-10-14,Spain,Free,True
U02327,2023-11-23,Brazil,Free,True
U02328,2024-11-18,Brazil,Basic,True
U02329,2023-10-12,Chile,Free,True
U02330,2023-09-17,Mexico,Free,False
U02331,2024-10-04,Chile,Basic,True
U02332,2023-12-30,Colombia,Basic,False
U02333,2023-10-29,USA,Pro,True
U02334,2023-07-06,Argentina,Free,False
U02335,2024-01-14,Colombia,Basic,True
U02336,2023-12-04,Mexico,Free,False
U02337,2023-07-31,Chile,Free,False
U02338,2023-11-07,Mexico,Free,False
U02339,2024-06-21,Argentina,Basic,True
U02340,2024-11-19,Spain,Free,False
U02341,2024-03-13,Argentina,Free,False
U02342,2024-04-13,Chile,Pro,True
U02343,2024-05-15,Chile,Free,False
U02344,2024-09-16,Mexico,Pro,True
U02345,2024-05-22,Colombia,Basic,True
U02346,2024-06-26,Colombia,Free,True
U02347,2023-12-19,Spain,Pro,True
U02348,2024-08-23,Peru,Free,False
U02349,2024-06-25,Chile,Free,False
U02350,2024-09-12,Mexico,Basic,True
U02351,2024-07-15,Peru,Free,True
U02352,2024-05-22,Argentina,Basic,True
U02353,2024-05-25,Colombia,Pro,True
U02354,2024-02-03,Chile,Free,True
U02355,2023-09-15,Colombia,Basic,True
U02356,2024-09-18,Mexico,Free,True
U02357,2024-11-17,USA,Free,True
U02358,2023-11-05,Colombia,Free,False
U02359,2024-02-28,Chile,Basic,True
U02360,2023-07-05,Chile,Pro,True
U02361,2024-08-16,Colombia,Free,False
U02362,2024-06-10,Chile,Basic,True
U02363,2024-08-29,Chile,Basic,False
U02364,2024-08-13,Peru,Free,True
U02365,2023-08-18,Argentina,Free,True
U02366,2023-11-02,Spain,Basic,True
U02367,2024-02-15,Chile,Free,True
U02368,2024-05-26,Argentina,Pro,True
U02369,2023-09-29,Brazil,Free,True
U02370,2023-07-06,Brazil,Pro,True
U02371,2023-08-14,Spain,Free,True
U02372,2024-06-02,Peru,Basic,True
U02373,2023-12-22,Colombia,Pro,True
U02374,2024-05-22,Argentina,Pro,False
U02375,2024-08-27,Argentina,Basic,True
U02376,2024-03-03,Argentina,Basic,False
U02377,2024-05-25,Mexico,Basic,True
U02378,2024-04-29,Mexico,Basic,False
U02379,2024-03-05,Argentina,Basic,True
U02380,2023-09-18,Mexico,Free,True
U02381,2024-02-07,Mexico,Free,True
U02382,2024-06-13,Colombia,Free,False
U02383,2024-05-16,Mexico,Basic,True
U02384,2023-12-05,Chile,Basic,True
U02385,2024-07-07,Mexico,Free,False
U02386,2024-01-24,Chile,Basic,True
U02387,2023-12-16,Spain,Basic,True
U02388,2023-10-13,Brazil,Free,False
U02389,2024-03-03,Mexico,Free,True
U02390,2024-10-30,Mexico,Basic,True
U02391,2023-09-25,Chile,Free,True
U02392,2024-09-14,Chile,Free,True
U02393,2023-10-09,Mexico,Free,False
U02394,2024-01-15,Mexico,Free,False
U02395,2024-11-17,Chile,Free,True
U02396,2024-03-11,Chile,Pro,True
U02397,2023-08-06,Chile,Basic,True
U02398,2024-04-08,Colombia,Free,False
U02399,2024-08-05,Chile,Free,False
U02400,2024-03-31,Chile,Free,True
U02401,2024-04-20,Chile,Basic,True
U02402,2024-01-06,Argentina,Free,True
U02403,2024-05-08,Argentina,Pro,True
U02404,2023-09-10,Mexico,Free,True
U02405,2023-07-14,Mexico,Basic,True
U02406,2024-03-27,Chile,Pro,True
U02407,2023-07-10,Spain,Basic,True
U02408,2024-11-12,Mexico,Pro,True
U02409,2023-07-18,USA,Basic,False
U02410,2024-11-27,Chile,Free,True
U02411,2024-05-07,Mexico,Basic,True
U02412,2024-06-24,Chile,Pro,True
U02413,2024-07-08,Peru,Free,True
U02414,2024-06-06,Peru,Pro,True
U02415,2024-11-07,Argentina,Free,False
U02416,2023-07-22,Mexico,Free,True
U02417,2023-11-23,Chile,Free,False
U02418,2024-09-14,Argentina,Free,True
U02419,2024-07-21,Spain,Basic,False
U02420,2024-10-03,Brazil,Pro,True
U02421,2024-06-22,Mexico,Pro,True
U02422,2024-04-08,Chile,Free,False
U02423,2024-06-16,Chile,Basic,False
U02424,2024-06-20,Spain,Free,True
U02425,2023-11-28,Chile,Free,False
U02426,2023-12-14,Chile,Free,False
U02427,2023-07-16,Chile,Free,False
U02428,2023-11-04,Mexico,Free,True
U02429,2023-07-01,Chile,Free,False
U02430,2024-11-26,Argentina,Basic,True
U02431,2023-09-27,Chile,Basic,False
U02432,2024-09-15,Chile,Basic,True
U02433,2024-10-27,Chile,Pro,True
U02434,2024-07-30,Spain,Free,True
U02435,2024-03-24,Colombia,Pro,True
U02436,2024-09-19,Mexico,Basic,True
U02437,2024-01-21,Mexico,Free,True
U02438,2024-05-08,Colombia,Free,False
U02439,2024-01-04,Brazil,Free,True
U02440,2023-11-19,Argentina,Free,True
U02441,2024-07-01,Mexico,Free,True
U02442,2024-08-24,Brazil,Free,True
U02443,2024-09-04,Chile,Free,False
U02444,2024-03-05,Mexico,Basic,True
U02445,2024-04-26,Peru,Free,True
U02446,2023-07-07,Argentina,Free,True
U02447,2023-08-25,Chile,Free,False
U02448,2023-10-18,Chile,Free,True
U02449,2024-11-05,Brazil,Basic,True
U02450,2023-08-24,Colombia,Basic,True
U02451,2024-11-19,Brazil,Free,False
U02452,2023-12-06,Mexico,Free,False
U02453,2023-07-07,Colombia,Basic,True
U02454,2023-09-07,Colombia,Free,True
U02455,2023-10-08,Chile,Free,True
U02456,2024-11-29,Chile,Free,True
U02457,2024-08-18,Chile,Free,True
U02458,2024-03-23,Argentina,Basic,False
U02459,2023-11-04,Colombia,Free,True
U02460,2024-03-03,Argentina,Free,False
U02461,2024-10-30,Chile,Free,True
U02462,2024-11-16,Chile,Free,True
U02463,2023-10-18,Peru,Free,True
U02464,2024-04-16,Colombia,Free,True
U02465,2024-05-06,Argentina,Free,False
U02466,2024-09-28,Brazil,Free,False
U02467,2024-10-22,Mexico,Pro,True
U02468,2023-12-10,Brazil,Free,True
U02469,2024-06-22,Colombia,Pro,True
U02470,2023-12-26,Mexico,Basic,False
U02471,2024-06-12,Brazil,Free,True
U02472,2024-05-06,Chile,Pro,True
U02473,2024-11-07,Mexico,Free,False
U02474,2024-12-01,Colombia,Basic,True
U02475,2024-05-27,Colombia,Basic,True
U02476,2024-08-17,Chile,Free,False
U02477,2024-02-23,Chile,Free,False
U02478,2024-10-30,Chile,Free,False
U02479,2024-02-28,Brazil,Free,False
U02480,2024-07-28,Mexico,Basic,True
U02481,2024-03-13,Peru,Free,True
U02482,2024-07-18,Peru,Basic,False
U02483,2024-05-24,Mexico,Free,True
U02484,2024-01-21,Mexico,Free,False
U02485,2024-02-16,Chile,Free,False
U02486,2024-01-13,Chile,Free,False
U02487,2023-10-07,Peru,Free,False
U02488,2024-07-03,Colombia,Basic,False
U02489,2024-06-13,Argentina,Free,False
U02490,2024-11-20,Chile,Free,False
U02491,2024-11-24,Colombia,Free,False
U02492,2023-11-19,Mexico,Basic,True
U02493,2023-09-11,Chile,Basic,True
U02494,2023-10-12,Chile,Free,False
U02495,2024-06-03,Peru,Free,True
U02496,2024-03-14,Mexico,Free,False
U02497,2023-12-09,Chile,Pro,True
U02498,2024-11-24,Colombia,Free,False
U02499,2023-10-22,Spain,Basic,False
U02500,2023-07-31,Mexico,Free,True
